-- =============================================================
-- initial_data_seed.sql
-- Storage Management System – Initial Data Seed
-- Compatible with SQL Server Management Studio
-- =============================================================

SET NOCOUNT ON;

-- -------------------------------------------------------------
-- ContainerGroups
-- 72 groups: 2 cabinets × 4 shelves × 9 groups (3×3)
-- ContainerType: 0=PX12, 1=PX6, 2=PX4
-- -------------------------------------------------------------
INSERT INTO ContainerGroups (Id, Type, Cabinet, Shelf, GroupRow, GroupColumn) VALUES
    (1, 0, 1, 1, 1, 1),
    (2, 0, 1, 1, 1, 2),
    (3, 0, 1, 1, 1, 3),
    (4, 0, 1, 1, 2, 1),
    (5, 0, 1, 1, 2, 2),
    (6, 0, 1, 1, 2, 3),
    (7, 0, 1, 1, 3, 1),
    (8, 0, 1, 1, 3, 2),
    (9, 0, 1, 1, 3, 3),
    (10, 0, 1, 2, 1, 1),
    (11, 0, 1, 2, 1, 2),
    (12, 0, 1, 2, 1, 3),
    (13, 0, 1, 2, 2, 1),
    (14, 0, 1, 2, 2, 2),
    (15, 0, 1, 2, 2, 3),
    (16, 0, 1, 2, 3, 1),
    (17, 0, 1, 2, 3, 2),
    (18, 0, 1, 2, 3, 3),
    (19, 0, 1, 3, 1, 1),
    (20, 0, 1, 3, 1, 2),
    (21, 0, 1, 3, 1, 3),
    (22, 0, 1, 3, 2, 1),
    (23, 0, 1, 3, 2, 2),
    (24, 0, 1, 3, 2, 3),
    (25, 0, 1, 3, 3, 1),
    (26, 0, 1, 3, 3, 2),
    (27, 0, 1, 3, 3, 3),
    (28, 1, 1, 4, 1, 1),
    (29, 1, 1, 4, 1, 2),
    (30, 1, 1, 4, 1, 3),
    (31, 1, 1, 4, 2, 1),
    (32, 1, 1, 4, 2, 2),
    (33, 1, 1, 4, 2, 3),
    (34, 1, 1, 4, 3, 1),
    (35, 1, 1, 4, 3, 2),
    (36, 1, 1, 4, 3, 3),
    (37, 0, 2, 1, 1, 1),
    (38, 0, 2, 1, 1, 2),
    (39, 0, 2, 1, 1, 3),
    (40, 0, 2, 1, 2, 1),
    (41, 0, 2, 1, 2, 2),
    (42, 0, 2, 1, 2, 3),
    (43, 0, 2, 1, 3, 1),
    (44, 0, 2, 1, 3, 2),
    (45, 0, 2, 1, 3, 3),
    (46, 0, 2, 2, 1, 1),
    (47, 0, 2, 2, 1, 2),
    (48, 0, 2, 2, 1, 3),
    (49, 0, 2, 2, 2, 1),
    (50, 0, 2, 2, 2, 2),
    (51, 0, 2, 2, 2, 3),
    (52, 0, 2, 2, 3, 1),
    (53, 0, 2, 2, 3, 2),
    (54, 0, 2, 2, 3, 3),
    (55, 0, 2, 3, 1, 1),
    (56, 0, 2, 3, 1, 2),
    (57, 0, 2, 3, 1, 3),
    (58, 0, 2, 3, 2, 1),
    (59, 0, 2, 3, 2, 2),
    (60, 0, 2, 3, 2, 3),
    (61, 0, 2, 3, 3, 1),
    (62, 0, 2, 3, 3, 2),
    (63, 0, 2, 3, 3, 3),
    (64, 1, 2, 4, 1, 1),
    (65, 1, 2, 4, 1, 2),
    (66, 1, 2, 4, 1, 3),
    (67, 1, 2, 4, 2, 1),
    (68, 1, 2, 4, 2, 2),
    (69, 1, 2, 4, 2, 3),
    (70, 2, 2, 4, 3, 1),
    (71, 2, 2, 4, 3, 2),
    (72, 2, 2, 4, 3, 3);

-- -------------------------------------------------------------
-- Containers
-- 750 containers, numbers starting from 1000
-- ContainerType: 0=PX12, 1=PX6, 2=PX4
-- -------------------------------------------------------------
INSERT INTO Containers (Id, Number, Type, Cabinet, Shelf, GroupRow, GroupColumn, PositionRow, PositionColumn, ContainerGroupId) VALUES
    (1, 1000, 0, 1, 1, 1, 1, 1, 1, 1),
    (2, 1001, 0, 1, 1, 1, 1, 1, 2, 1),
    (3, 1002, 0, 1, 1, 1, 1, 1, 3, 1),
    (4, 1003, 0, 1, 1, 1, 1, 2, 1, 1),
    (5, 1004, 0, 1, 1, 1, 1, 2, 2, 1),
    (6, 1005, 0, 1, 1, 1, 1, 2, 3, 1),
    (7, 1006, 0, 1, 1, 1, 1, 3, 1, 1),
    (8, 1007, 0, 1, 1, 1, 1, 3, 2, 1),
    (9, 1008, 0, 1, 1, 1, 1, 3, 3, 1),
    (10, 1009, 0, 1, 1, 1, 1, 4, 1, 1),
    (11, 1010, 0, 1, 1, 1, 1, 4, 2, 1),
    (12, 1011, 0, 1, 1, 1, 1, 4, 3, 1),
    (13, 1012, 0, 1, 1, 1, 2, 1, 1, 2),
    (14, 1013, 0, 1, 1, 1, 2, 1, 2, 2),
    (15, 1014, 0, 1, 1, 1, 2, 1, 3, 2),
    (16, 1015, 0, 1, 1, 1, 2, 2, 1, 2),
    (17, 1016, 0, 1, 1, 1, 2, 2, 2, 2),
    (18, 1017, 0, 1, 1, 1, 2, 2, 3, 2),
    (19, 1018, 0, 1, 1, 1, 2, 3, 1, 2),
    (20, 1019, 0, 1, 1, 1, 2, 3, 2, 2),
    (21, 1020, 0, 1, 1, 1, 2, 3, 3, 2),
    (22, 1021, 0, 1, 1, 1, 2, 4, 1, 2),
    (23, 1022, 0, 1, 1, 1, 2, 4, 2, 2),
    (24, 1023, 0, 1, 1, 1, 2, 4, 3, 2),
    (25, 1024, 0, 1, 1, 1, 3, 1, 1, 3),
    (26, 1025, 0, 1, 1, 1, 3, 1, 2, 3),
    (27, 1026, 0, 1, 1, 1, 3, 1, 3, 3),
    (28, 1027, 0, 1, 1, 1, 3, 2, 1, 3),
    (29, 1028, 0, 1, 1, 1, 3, 2, 2, 3),
    (30, 1029, 0, 1, 1, 1, 3, 2, 3, 3),
    (31, 1030, 0, 1, 1, 1, 3, 3, 1, 3),
    (32, 1031, 0, 1, 1, 1, 3, 3, 2, 3),
    (33, 1032, 0, 1, 1, 1, 3, 3, 3, 3),
    (34, 1033, 0, 1, 1, 1, 3, 4, 1, 3),
    (35, 1034, 0, 1, 1, 1, 3, 4, 2, 3),
    (36, 1035, 0, 1, 1, 1, 3, 4, 3, 3),
    (37, 1036, 0, 1, 1, 2, 1, 1, 1, 4),
    (38, 1037, 0, 1, 1, 2, 1, 1, 2, 4),
    (39, 1038, 0, 1, 1, 2, 1, 1, 3, 4),
    (40, 1039, 0, 1, 1, 2, 1, 2, 1, 4),
    (41, 1040, 0, 1, 1, 2, 1, 2, 2, 4),
    (42, 1041, 0, 1, 1, 2, 1, 2, 3, 4),
    (43, 1042, 0, 1, 1, 2, 1, 3, 1, 4),
    (44, 1043, 0, 1, 1, 2, 1, 3, 2, 4),
    (45, 1044, 0, 1, 1, 2, 1, 3, 3, 4),
    (46, 1045, 0, 1, 1, 2, 1, 4, 1, 4),
    (47, 1046, 0, 1, 1, 2, 1, 4, 2, 4),
    (48, 1047, 0, 1, 1, 2, 1, 4, 3, 4),
    (49, 1048, 0, 1, 1, 2, 2, 1, 1, 5),
    (50, 1049, 0, 1, 1, 2, 2, 1, 2, 5),
    (51, 1050, 0, 1, 1, 2, 2, 1, 3, 5),
    (52, 1051, 0, 1, 1, 2, 2, 2, 1, 5),
    (53, 1052, 0, 1, 1, 2, 2, 2, 2, 5),
    (54, 1053, 0, 1, 1, 2, 2, 2, 3, 5),
    (55, 1054, 0, 1, 1, 2, 2, 3, 1, 5),
    (56, 1055, 0, 1, 1, 2, 2, 3, 2, 5),
    (57, 1056, 0, 1, 1, 2, 2, 3, 3, 5),
    (58, 1057, 0, 1, 1, 2, 2, 4, 1, 5),
    (59, 1058, 0, 1, 1, 2, 2, 4, 2, 5),
    (60, 1059, 0, 1, 1, 2, 2, 4, 3, 5),
    (61, 1060, 0, 1, 1, 2, 3, 1, 1, 6),
    (62, 1061, 0, 1, 1, 2, 3, 1, 2, 6),
    (63, 1062, 0, 1, 1, 2, 3, 1, 3, 6),
    (64, 1063, 0, 1, 1, 2, 3, 2, 1, 6),
    (65, 1064, 0, 1, 1, 2, 3, 2, 2, 6),
    (66, 1065, 0, 1, 1, 2, 3, 2, 3, 6),
    (67, 1066, 0, 1, 1, 2, 3, 3, 1, 6),
    (68, 1067, 0, 1, 1, 2, 3, 3, 2, 6),
    (69, 1068, 0, 1, 1, 2, 3, 3, 3, 6),
    (70, 1069, 0, 1, 1, 2, 3, 4, 1, 6),
    (71, 1070, 0, 1, 1, 2, 3, 4, 2, 6),
    (72, 1071, 0, 1, 1, 2, 3, 4, 3, 6),
    (73, 1072, 0, 1, 1, 3, 1, 1, 1, 7),
    (74, 1073, 0, 1, 1, 3, 1, 1, 2, 7),
    (75, 1074, 0, 1, 1, 3, 1, 1, 3, 7),
    (76, 1075, 0, 1, 1, 3, 1, 2, 1, 7),
    (77, 1076, 0, 1, 1, 3, 1, 2, 2, 7),
    (78, 1077, 0, 1, 1, 3, 1, 2, 3, 7),
    (79, 1078, 0, 1, 1, 3, 1, 3, 1, 7),
    (80, 1079, 0, 1, 1, 3, 1, 3, 2, 7),
    (81, 1080, 0, 1, 1, 3, 1, 3, 3, 7),
    (82, 1081, 0, 1, 1, 3, 1, 4, 1, 7),
    (83, 1082, 0, 1, 1, 3, 1, 4, 2, 7),
    (84, 1083, 0, 1, 1, 3, 1, 4, 3, 7),
    (85, 1084, 0, 1, 1, 3, 2, 1, 1, 8),
    (86, 1085, 0, 1, 1, 3, 2, 1, 2, 8),
    (87, 1086, 0, 1, 1, 3, 2, 1, 3, 8),
    (88, 1087, 0, 1, 1, 3, 2, 2, 1, 8),
    (89, 1088, 0, 1, 1, 3, 2, 2, 2, 8),
    (90, 1089, 0, 1, 1, 3, 2, 2, 3, 8),
    (91, 1090, 0, 1, 1, 3, 2, 3, 1, 8),
    (92, 1091, 0, 1, 1, 3, 2, 3, 2, 8),
    (93, 1092, 0, 1, 1, 3, 2, 3, 3, 8),
    (94, 1093, 0, 1, 1, 3, 2, 4, 1, 8),
    (95, 1094, 0, 1, 1, 3, 2, 4, 2, 8),
    (96, 1095, 0, 1, 1, 3, 2, 4, 3, 8),
    (97, 1096, 0, 1, 1, 3, 3, 1, 1, 9),
    (98, 1097, 0, 1, 1, 3, 3, 1, 2, 9),
    (99, 1098, 0, 1, 1, 3, 3, 1, 3, 9),
    (100, 1099, 0, 1, 1, 3, 3, 2, 1, 9),
    (101, 1100, 0, 1, 1, 3, 3, 2, 2, 9),
    (102, 1101, 0, 1, 1, 3, 3, 2, 3, 9),
    (103, 1102, 0, 1, 1, 3, 3, 3, 1, 9),
    (104, 1103, 0, 1, 1, 3, 3, 3, 2, 9),
    (105, 1104, 0, 1, 1, 3, 3, 3, 3, 9),
    (106, 1105, 0, 1, 1, 3, 3, 4, 1, 9),
    (107, 1106, 0, 1, 1, 3, 3, 4, 2, 9),
    (108, 1107, 0, 1, 1, 3, 3, 4, 3, 9),
    (109, 1108, 0, 1, 2, 1, 1, 1, 1, 10),
    (110, 1109, 0, 1, 2, 1, 1, 1, 2, 10),
    (111, 1110, 0, 1, 2, 1, 1, 1, 3, 10),
    (112, 1111, 0, 1, 2, 1, 1, 2, 1, 10),
    (113, 1112, 0, 1, 2, 1, 1, 2, 2, 10),
    (114, 1113, 0, 1, 2, 1, 1, 2, 3, 10),
    (115, 1114, 0, 1, 2, 1, 1, 3, 1, 10),
    (116, 1115, 0, 1, 2, 1, 1, 3, 2, 10),
    (117, 1116, 0, 1, 2, 1, 1, 3, 3, 10),
    (118, 1117, 0, 1, 2, 1, 1, 4, 1, 10),
    (119, 1118, 0, 1, 2, 1, 1, 4, 2, 10),
    (120, 1119, 0, 1, 2, 1, 1, 4, 3, 10),
    (121, 1120, 0, 1, 2, 1, 2, 1, 1, 11),
    (122, 1121, 0, 1, 2, 1, 2, 1, 2, 11),
    (123, 1122, 0, 1, 2, 1, 2, 1, 3, 11),
    (124, 1123, 0, 1, 2, 1, 2, 2, 1, 11),
    (125, 1124, 0, 1, 2, 1, 2, 2, 2, 11),
    (126, 1125, 0, 1, 2, 1, 2, 2, 3, 11),
    (127, 1126, 0, 1, 2, 1, 2, 3, 1, 11),
    (128, 1127, 0, 1, 2, 1, 2, 3, 2, 11),
    (129, 1128, 0, 1, 2, 1, 2, 3, 3, 11),
    (130, 1129, 0, 1, 2, 1, 2, 4, 1, 11),
    (131, 1130, 0, 1, 2, 1, 2, 4, 2, 11),
    (132, 1131, 0, 1, 2, 1, 2, 4, 3, 11),
    (133, 1132, 0, 1, 2, 1, 3, 1, 1, 12),
    (134, 1133, 0, 1, 2, 1, 3, 1, 2, 12),
    (135, 1134, 0, 1, 2, 1, 3, 1, 3, 12),
    (136, 1135, 0, 1, 2, 1, 3, 2, 1, 12),
    (137, 1136, 0, 1, 2, 1, 3, 2, 2, 12),
    (138, 1137, 0, 1, 2, 1, 3, 2, 3, 12),
    (139, 1138, 0, 1, 2, 1, 3, 3, 1, 12),
    (140, 1139, 0, 1, 2, 1, 3, 3, 2, 12),
    (141, 1140, 0, 1, 2, 1, 3, 3, 3, 12),
    (142, 1141, 0, 1, 2, 1, 3, 4, 1, 12),
    (143, 1142, 0, 1, 2, 1, 3, 4, 2, 12),
    (144, 1143, 0, 1, 2, 1, 3, 4, 3, 12),
    (145, 1144, 0, 1, 2, 2, 1, 1, 1, 13),
    (146, 1145, 0, 1, 2, 2, 1, 1, 2, 13),
    (147, 1146, 0, 1, 2, 2, 1, 1, 3, 13),
    (148, 1147, 0, 1, 2, 2, 1, 2, 1, 13),
    (149, 1148, 0, 1, 2, 2, 1, 2, 2, 13),
    (150, 1149, 0, 1, 2, 2, 1, 2, 3, 13),
    (151, 1150, 0, 1, 2, 2, 1, 3, 1, 13),
    (152, 1151, 0, 1, 2, 2, 1, 3, 2, 13),
    (153, 1152, 0, 1, 2, 2, 1, 3, 3, 13),
    (154, 1153, 0, 1, 2, 2, 1, 4, 1, 13),
    (155, 1154, 0, 1, 2, 2, 1, 4, 2, 13),
    (156, 1155, 0, 1, 2, 2, 1, 4, 3, 13),
    (157, 1156, 0, 1, 2, 2, 2, 1, 1, 14),
    (158, 1157, 0, 1, 2, 2, 2, 1, 2, 14),
    (159, 1158, 0, 1, 2, 2, 2, 1, 3, 14),
    (160, 1159, 0, 1, 2, 2, 2, 2, 1, 14),
    (161, 1160, 0, 1, 2, 2, 2, 2, 2, 14),
    (162, 1161, 0, 1, 2, 2, 2, 2, 3, 14),
    (163, 1162, 0, 1, 2, 2, 2, 3, 1, 14),
    (164, 1163, 0, 1, 2, 2, 2, 3, 2, 14),
    (165, 1164, 0, 1, 2, 2, 2, 3, 3, 14),
    (166, 1165, 0, 1, 2, 2, 2, 4, 1, 14),
    (167, 1166, 0, 1, 2, 2, 2, 4, 2, 14),
    (168, 1167, 0, 1, 2, 2, 2, 4, 3, 14),
    (169, 1168, 0, 1, 2, 2, 3, 1, 1, 15),
    (170, 1169, 0, 1, 2, 2, 3, 1, 2, 15),
    (171, 1170, 0, 1, 2, 2, 3, 1, 3, 15),
    (172, 1171, 0, 1, 2, 2, 3, 2, 1, 15),
    (173, 1172, 0, 1, 2, 2, 3, 2, 2, 15),
    (174, 1173, 0, 1, 2, 2, 3, 2, 3, 15),
    (175, 1174, 0, 1, 2, 2, 3, 3, 1, 15),
    (176, 1175, 0, 1, 2, 2, 3, 3, 2, 15),
    (177, 1176, 0, 1, 2, 2, 3, 3, 3, 15),
    (178, 1177, 0, 1, 2, 2, 3, 4, 1, 15),
    (179, 1178, 0, 1, 2, 2, 3, 4, 2, 15),
    (180, 1179, 0, 1, 2, 2, 3, 4, 3, 15),
    (181, 1180, 0, 1, 2, 3, 1, 1, 1, 16),
    (182, 1181, 0, 1, 2, 3, 1, 1, 2, 16),
    (183, 1182, 0, 1, 2, 3, 1, 1, 3, 16),
    (184, 1183, 0, 1, 2, 3, 1, 2, 1, 16),
    (185, 1184, 0, 1, 2, 3, 1, 2, 2, 16),
    (186, 1185, 0, 1, 2, 3, 1, 2, 3, 16),
    (187, 1186, 0, 1, 2, 3, 1, 3, 1, 16),
    (188, 1187, 0, 1, 2, 3, 1, 3, 2, 16),
    (189, 1188, 0, 1, 2, 3, 1, 3, 3, 16),
    (190, 1189, 0, 1, 2, 3, 1, 4, 1, 16),
    (191, 1190, 0, 1, 2, 3, 1, 4, 2, 16),
    (192, 1191, 0, 1, 2, 3, 1, 4, 3, 16),
    (193, 1192, 0, 1, 2, 3, 2, 1, 1, 17),
    (194, 1193, 0, 1, 2, 3, 2, 1, 2, 17),
    (195, 1194, 0, 1, 2, 3, 2, 1, 3, 17),
    (196, 1195, 0, 1, 2, 3, 2, 2, 1, 17),
    (197, 1196, 0, 1, 2, 3, 2, 2, 2, 17),
    (198, 1197, 0, 1, 2, 3, 2, 2, 3, 17),
    (199, 1198, 0, 1, 2, 3, 2, 3, 1, 17),
    (200, 1199, 0, 1, 2, 3, 2, 3, 2, 17);
INSERT INTO Containers (Id, Number, Type, Cabinet, Shelf, GroupRow, GroupColumn, PositionRow, PositionColumn, ContainerGroupId) VALUES
    (201, 1200, 0, 1, 2, 3, 2, 3, 3, 17),
    (202, 1201, 0, 1, 2, 3, 2, 4, 1, 17),
    (203, 1202, 0, 1, 2, 3, 2, 4, 2, 17),
    (204, 1203, 0, 1, 2, 3, 2, 4, 3, 17),
    (205, 1204, 0, 1, 2, 3, 3, 1, 1, 18),
    (206, 1205, 0, 1, 2, 3, 3, 1, 2, 18),
    (207, 1206, 0, 1, 2, 3, 3, 1, 3, 18),
    (208, 1207, 0, 1, 2, 3, 3, 2, 1, 18),
    (209, 1208, 0, 1, 2, 3, 3, 2, 2, 18),
    (210, 1209, 0, 1, 2, 3, 3, 2, 3, 18),
    (211, 1210, 0, 1, 2, 3, 3, 3, 1, 18),
    (212, 1211, 0, 1, 2, 3, 3, 3, 2, 18),
    (213, 1212, 0, 1, 2, 3, 3, 3, 3, 18),
    (214, 1213, 0, 1, 2, 3, 3, 4, 1, 18),
    (215, 1214, 0, 1, 2, 3, 3, 4, 2, 18),
    (216, 1215, 0, 1, 2, 3, 3, 4, 3, 18),
    (217, 1216, 0, 1, 3, 1, 1, 1, 1, 19),
    (218, 1217, 0, 1, 3, 1, 1, 1, 2, 19),
    (219, 1218, 0, 1, 3, 1, 1, 1, 3, 19),
    (220, 1219, 0, 1, 3, 1, 1, 2, 1, 19),
    (221, 1220, 0, 1, 3, 1, 1, 2, 2, 19),
    (222, 1221, 0, 1, 3, 1, 1, 2, 3, 19),
    (223, 1222, 0, 1, 3, 1, 1, 3, 1, 19),
    (224, 1223, 0, 1, 3, 1, 1, 3, 2, 19),
    (225, 1224, 0, 1, 3, 1, 1, 3, 3, 19),
    (226, 1225, 0, 1, 3, 1, 1, 4, 1, 19),
    (227, 1226, 0, 1, 3, 1, 1, 4, 2, 19),
    (228, 1227, 0, 1, 3, 1, 1, 4, 3, 19),
    (229, 1228, 0, 1, 3, 1, 2, 1, 1, 20),
    (230, 1229, 0, 1, 3, 1, 2, 1, 2, 20),
    (231, 1230, 0, 1, 3, 1, 2, 1, 3, 20),
    (232, 1231, 0, 1, 3, 1, 2, 2, 1, 20),
    (233, 1232, 0, 1, 3, 1, 2, 2, 2, 20),
    (234, 1233, 0, 1, 3, 1, 2, 2, 3, 20),
    (235, 1234, 0, 1, 3, 1, 2, 3, 1, 20),
    (236, 1235, 0, 1, 3, 1, 2, 3, 2, 20),
    (237, 1236, 0, 1, 3, 1, 2, 3, 3, 20),
    (238, 1237, 0, 1, 3, 1, 2, 4, 1, 20),
    (239, 1238, 0, 1, 3, 1, 2, 4, 2, 20),
    (240, 1239, 0, 1, 3, 1, 2, 4, 3, 20),
    (241, 1240, 0, 1, 3, 1, 3, 1, 1, 21),
    (242, 1241, 0, 1, 3, 1, 3, 1, 2, 21),
    (243, 1242, 0, 1, 3, 1, 3, 1, 3, 21),
    (244, 1243, 0, 1, 3, 1, 3, 2, 1, 21),
    (245, 1244, 0, 1, 3, 1, 3, 2, 2, 21),
    (246, 1245, 0, 1, 3, 1, 3, 2, 3, 21),
    (247, 1246, 0, 1, 3, 1, 3, 3, 1, 21),
    (248, 1247, 0, 1, 3, 1, 3, 3, 2, 21),
    (249, 1248, 0, 1, 3, 1, 3, 3, 3, 21),
    (250, 1249, 0, 1, 3, 1, 3, 4, 1, 21),
    (251, 1250, 0, 1, 3, 1, 3, 4, 2, 21),
    (252, 1251, 0, 1, 3, 1, 3, 4, 3, 21),
    (253, 1252, 0, 1, 3, 2, 1, 1, 1, 22),
    (254, 1253, 0, 1, 3, 2, 1, 1, 2, 22),
    (255, 1254, 0, 1, 3, 2, 1, 1, 3, 22),
    (256, 1255, 0, 1, 3, 2, 1, 2, 1, 22),
    (257, 1256, 0, 1, 3, 2, 1, 2, 2, 22),
    (258, 1257, 0, 1, 3, 2, 1, 2, 3, 22),
    (259, 1258, 0, 1, 3, 2, 1, 3, 1, 22),
    (260, 1259, 0, 1, 3, 2, 1, 3, 2, 22),
    (261, 1260, 0, 1, 3, 2, 1, 3, 3, 22),
    (262, 1261, 0, 1, 3, 2, 1, 4, 1, 22),
    (263, 1262, 0, 1, 3, 2, 1, 4, 2, 22),
    (264, 1263, 0, 1, 3, 2, 1, 4, 3, 22),
    (265, 1264, 0, 1, 3, 2, 2, 1, 1, 23),
    (266, 1265, 0, 1, 3, 2, 2, 1, 2, 23),
    (267, 1266, 0, 1, 3, 2, 2, 1, 3, 23),
    (268, 1267, 0, 1, 3, 2, 2, 2, 1, 23),
    (269, 1268, 0, 1, 3, 2, 2, 2, 2, 23),
    (270, 1269, 0, 1, 3, 2, 2, 2, 3, 23),
    (271, 1270, 0, 1, 3, 2, 2, 3, 1, 23),
    (272, 1271, 0, 1, 3, 2, 2, 3, 2, 23),
    (273, 1272, 0, 1, 3, 2, 2, 3, 3, 23),
    (274, 1273, 0, 1, 3, 2, 2, 4, 1, 23),
    (275, 1274, 0, 1, 3, 2, 2, 4, 2, 23),
    (276, 1275, 0, 1, 3, 2, 2, 4, 3, 23),
    (277, 1276, 0, 1, 3, 2, 3, 1, 1, 24),
    (278, 1277, 0, 1, 3, 2, 3, 1, 2, 24),
    (279, 1278, 0, 1, 3, 2, 3, 1, 3, 24),
    (280, 1279, 0, 1, 3, 2, 3, 2, 1, 24),
    (281, 1280, 0, 1, 3, 2, 3, 2, 2, 24),
    (282, 1281, 0, 1, 3, 2, 3, 2, 3, 24),
    (283, 1282, 0, 1, 3, 2, 3, 3, 1, 24),
    (284, 1283, 0, 1, 3, 2, 3, 3, 2, 24),
    (285, 1284, 0, 1, 3, 2, 3, 3, 3, 24),
    (286, 1285, 0, 1, 3, 2, 3, 4, 1, 24),
    (287, 1286, 0, 1, 3, 2, 3, 4, 2, 24),
    (288, 1287, 0, 1, 3, 2, 3, 4, 3, 24),
    (289, 1288, 0, 1, 3, 3, 1, 1, 1, 25),
    (290, 1289, 0, 1, 3, 3, 1, 1, 2, 25),
    (291, 1290, 0, 1, 3, 3, 1, 1, 3, 25),
    (292, 1291, 0, 1, 3, 3, 1, 2, 1, 25),
    (293, 1292, 0, 1, 3, 3, 1, 2, 2, 25),
    (294, 1293, 0, 1, 3, 3, 1, 2, 3, 25),
    (295, 1294, 0, 1, 3, 3, 1, 3, 1, 25),
    (296, 1295, 0, 1, 3, 3, 1, 3, 2, 25),
    (297, 1296, 0, 1, 3, 3, 1, 3, 3, 25),
    (298, 1297, 0, 1, 3, 3, 1, 4, 1, 25),
    (299, 1298, 0, 1, 3, 3, 1, 4, 2, 25),
    (300, 1299, 0, 1, 3, 3, 1, 4, 3, 25),
    (301, 1300, 0, 1, 3, 3, 2, 1, 1, 26),
    (302, 1301, 0, 1, 3, 3, 2, 1, 2, 26),
    (303, 1302, 0, 1, 3, 3, 2, 1, 3, 26),
    (304, 1303, 0, 1, 3, 3, 2, 2, 1, 26),
    (305, 1304, 0, 1, 3, 3, 2, 2, 2, 26),
    (306, 1305, 0, 1, 3, 3, 2, 2, 3, 26),
    (307, 1306, 0, 1, 3, 3, 2, 3, 1, 26),
    (308, 1307, 0, 1, 3, 3, 2, 3, 2, 26),
    (309, 1308, 0, 1, 3, 3, 2, 3, 3, 26),
    (310, 1309, 0, 1, 3, 3, 2, 4, 1, 26),
    (311, 1310, 0, 1, 3, 3, 2, 4, 2, 26),
    (312, 1311, 0, 1, 3, 3, 2, 4, 3, 26),
    (313, 1312, 0, 1, 3, 3, 3, 1, 1, 27),
    (314, 1313, 0, 1, 3, 3, 3, 1, 2, 27),
    (315, 1314, 0, 1, 3, 3, 3, 1, 3, 27),
    (316, 1315, 0, 1, 3, 3, 3, 2, 1, 27),
    (317, 1316, 0, 1, 3, 3, 3, 2, 2, 27),
    (318, 1317, 0, 1, 3, 3, 3, 2, 3, 27),
    (319, 1318, 0, 1, 3, 3, 3, 3, 1, 27),
    (320, 1319, 0, 1, 3, 3, 3, 3, 2, 27),
    (321, 1320, 0, 1, 3, 3, 3, 3, 3, 27),
    (322, 1321, 0, 1, 3, 3, 3, 4, 1, 27),
    (323, 1322, 0, 1, 3, 3, 3, 4, 2, 27),
    (324, 1323, 0, 1, 3, 3, 3, 4, 3, 27),
    (325, 1324, 1, 1, 4, 1, 1, 1, 1, 28),
    (326, 1325, 1, 1, 4, 1, 1, 1, 2, 28),
    (327, 1326, 1, 1, 4, 1, 1, 1, 3, 28),
    (328, 1327, 1, 1, 4, 1, 1, 2, 1, 28),
    (329, 1328, 1, 1, 4, 1, 1, 2, 2, 28),
    (330, 1329, 1, 1, 4, 1, 1, 2, 3, 28),
    (331, 1330, 1, 1, 4, 1, 2, 1, 1, 29),
    (332, 1331, 1, 1, 4, 1, 2, 1, 2, 29),
    (333, 1332, 1, 1, 4, 1, 2, 1, 3, 29),
    (334, 1333, 1, 1, 4, 1, 2, 2, 1, 29),
    (335, 1334, 1, 1, 4, 1, 2, 2, 2, 29),
    (336, 1335, 1, 1, 4, 1, 2, 2, 3, 29),
    (337, 1336, 1, 1, 4, 1, 3, 1, 1, 30),
    (338, 1337, 1, 1, 4, 1, 3, 1, 2, 30),
    (339, 1338, 1, 1, 4, 1, 3, 1, 3, 30),
    (340, 1339, 1, 1, 4, 1, 3, 2, 1, 30),
    (341, 1340, 1, 1, 4, 1, 3, 2, 2, 30),
    (342, 1341, 1, 1, 4, 1, 3, 2, 3, 30),
    (343, 1342, 1, 1, 4, 2, 1, 1, 1, 31),
    (344, 1343, 1, 1, 4, 2, 1, 1, 2, 31),
    (345, 1344, 1, 1, 4, 2, 1, 1, 3, 31),
    (346, 1345, 1, 1, 4, 2, 1, 2, 1, 31),
    (347, 1346, 1, 1, 4, 2, 1, 2, 2, 31),
    (348, 1347, 1, 1, 4, 2, 1, 2, 3, 31),
    (349, 1348, 1, 1, 4, 2, 2, 1, 1, 32),
    (350, 1349, 1, 1, 4, 2, 2, 1, 2, 32),
    (351, 1350, 1, 1, 4, 2, 2, 1, 3, 32),
    (352, 1351, 1, 1, 4, 2, 2, 2, 1, 32),
    (353, 1352, 1, 1, 4, 2, 2, 2, 2, 32),
    (354, 1353, 1, 1, 4, 2, 2, 2, 3, 32),
    (355, 1354, 1, 1, 4, 2, 3, 1, 1, 33),
    (356, 1355, 1, 1, 4, 2, 3, 1, 2, 33),
    (357, 1356, 1, 1, 4, 2, 3, 1, 3, 33),
    (358, 1357, 1, 1, 4, 2, 3, 2, 1, 33),
    (359, 1358, 1, 1, 4, 2, 3, 2, 2, 33),
    (360, 1359, 1, 1, 4, 2, 3, 2, 3, 33),
    (361, 1360, 1, 1, 4, 3, 1, 1, 1, 34),
    (362, 1361, 1, 1, 4, 3, 1, 1, 2, 34),
    (363, 1362, 1, 1, 4, 3, 1, 1, 3, 34),
    (364, 1363, 1, 1, 4, 3, 1, 2, 1, 34),
    (365, 1364, 1, 1, 4, 3, 1, 2, 2, 34),
    (366, 1365, 1, 1, 4, 3, 1, 2, 3, 34),
    (367, 1366, 1, 1, 4, 3, 2, 1, 1, 35),
    (368, 1367, 1, 1, 4, 3, 2, 1, 2, 35),
    (369, 1368, 1, 1, 4, 3, 2, 1, 3, 35),
    (370, 1369, 1, 1, 4, 3, 2, 2, 1, 35),
    (371, 1370, 1, 1, 4, 3, 2, 2, 2, 35),
    (372, 1371, 1, 1, 4, 3, 2, 2, 3, 35),
    (373, 1372, 1, 1, 4, 3, 3, 1, 1, 36),
    (374, 1373, 1, 1, 4, 3, 3, 1, 2, 36),
    (375, 1374, 1, 1, 4, 3, 3, 1, 3, 36),
    (376, 1375, 1, 1, 4, 3, 3, 2, 1, 36),
    (377, 1376, 1, 1, 4, 3, 3, 2, 2, 36),
    (378, 1377, 1, 1, 4, 3, 3, 2, 3, 36),
    (379, 1378, 0, 2, 1, 1, 1, 1, 1, 37),
    (380, 1379, 0, 2, 1, 1, 1, 1, 2, 37),
    (381, 1380, 0, 2, 1, 1, 1, 1, 3, 37),
    (382, 1381, 0, 2, 1, 1, 1, 2, 1, 37),
    (383, 1382, 0, 2, 1, 1, 1, 2, 2, 37),
    (384, 1383, 0, 2, 1, 1, 1, 2, 3, 37),
    (385, 1384, 0, 2, 1, 1, 1, 3, 1, 37),
    (386, 1385, 0, 2, 1, 1, 1, 3, 2, 37),
    (387, 1386, 0, 2, 1, 1, 1, 3, 3, 37),
    (388, 1387, 0, 2, 1, 1, 1, 4, 1, 37),
    (389, 1388, 0, 2, 1, 1, 1, 4, 2, 37),
    (390, 1389, 0, 2, 1, 1, 1, 4, 3, 37),
    (391, 1390, 0, 2, 1, 1, 2, 1, 1, 38),
    (392, 1391, 0, 2, 1, 1, 2, 1, 2, 38),
    (393, 1392, 0, 2, 1, 1, 2, 1, 3, 38),
    (394, 1393, 0, 2, 1, 1, 2, 2, 1, 38),
    (395, 1394, 0, 2, 1, 1, 2, 2, 2, 38),
    (396, 1395, 0, 2, 1, 1, 2, 2, 3, 38),
    (397, 1396, 0, 2, 1, 1, 2, 3, 1, 38),
    (398, 1397, 0, 2, 1, 1, 2, 3, 2, 38),
    (399, 1398, 0, 2, 1, 1, 2, 3, 3, 38),
    (400, 1399, 0, 2, 1, 1, 2, 4, 1, 38);
INSERT INTO Containers (Id, Number, Type, Cabinet, Shelf, GroupRow, GroupColumn, PositionRow, PositionColumn, ContainerGroupId) VALUES
    (401, 1400, 0, 2, 1, 1, 2, 4, 2, 38),
    (402, 1401, 0, 2, 1, 1, 2, 4, 3, 38),
    (403, 1402, 0, 2, 1, 1, 3, 1, 1, 39),
    (404, 1403, 0, 2, 1, 1, 3, 1, 2, 39),
    (405, 1404, 0, 2, 1, 1, 3, 1, 3, 39),
    (406, 1405, 0, 2, 1, 1, 3, 2, 1, 39),
    (407, 1406, 0, 2, 1, 1, 3, 2, 2, 39),
    (408, 1407, 0, 2, 1, 1, 3, 2, 3, 39),
    (409, 1408, 0, 2, 1, 1, 3, 3, 1, 39),
    (410, 1409, 0, 2, 1, 1, 3, 3, 2, 39),
    (411, 1410, 0, 2, 1, 1, 3, 3, 3, 39),
    (412, 1411, 0, 2, 1, 1, 3, 4, 1, 39),
    (413, 1412, 0, 2, 1, 1, 3, 4, 2, 39),
    (414, 1413, 0, 2, 1, 1, 3, 4, 3, 39),
    (415, 1414, 0, 2, 1, 2, 1, 1, 1, 40),
    (416, 1415, 0, 2, 1, 2, 1, 1, 2, 40),
    (417, 1416, 0, 2, 1, 2, 1, 1, 3, 40),
    (418, 1417, 0, 2, 1, 2, 1, 2, 1, 40),
    (419, 1418, 0, 2, 1, 2, 1, 2, 2, 40),
    (420, 1419, 0, 2, 1, 2, 1, 2, 3, 40),
    (421, 1420, 0, 2, 1, 2, 1, 3, 1, 40),
    (422, 1421, 0, 2, 1, 2, 1, 3, 2, 40),
    (423, 1422, 0, 2, 1, 2, 1, 3, 3, 40),
    (424, 1423, 0, 2, 1, 2, 1, 4, 1, 40),
    (425, 1424, 0, 2, 1, 2, 1, 4, 2, 40),
    (426, 1425, 0, 2, 1, 2, 1, 4, 3, 40),
    (427, 1426, 0, 2, 1, 2, 2, 1, 1, 41),
    (428, 1427, 0, 2, 1, 2, 2, 1, 2, 41),
    (429, 1428, 0, 2, 1, 2, 2, 1, 3, 41),
    (430, 1429, 0, 2, 1, 2, 2, 2, 1, 41),
    (431, 1430, 0, 2, 1, 2, 2, 2, 2, 41),
    (432, 1431, 0, 2, 1, 2, 2, 2, 3, 41),
    (433, 1432, 0, 2, 1, 2, 2, 3, 1, 41),
    (434, 1433, 0, 2, 1, 2, 2, 3, 2, 41),
    (435, 1434, 0, 2, 1, 2, 2, 3, 3, 41),
    (436, 1435, 0, 2, 1, 2, 2, 4, 1, 41),
    (437, 1436, 0, 2, 1, 2, 2, 4, 2, 41),
    (438, 1437, 0, 2, 1, 2, 2, 4, 3, 41),
    (439, 1438, 0, 2, 1, 2, 3, 1, 1, 42),
    (440, 1439, 0, 2, 1, 2, 3, 1, 2, 42),
    (441, 1440, 0, 2, 1, 2, 3, 1, 3, 42),
    (442, 1441, 0, 2, 1, 2, 3, 2, 1, 42),
    (443, 1442, 0, 2, 1, 2, 3, 2, 2, 42),
    (444, 1443, 0, 2, 1, 2, 3, 2, 3, 42),
    (445, 1444, 0, 2, 1, 2, 3, 3, 1, 42),
    (446, 1445, 0, 2, 1, 2, 3, 3, 2, 42),
    (447, 1446, 0, 2, 1, 2, 3, 3, 3, 42),
    (448, 1447, 0, 2, 1, 2, 3, 4, 1, 42),
    (449, 1448, 0, 2, 1, 2, 3, 4, 2, 42),
    (450, 1449, 0, 2, 1, 2, 3, 4, 3, 42),
    (451, 1450, 0, 2, 1, 3, 1, 1, 1, 43),
    (452, 1451, 0, 2, 1, 3, 1, 1, 2, 43),
    (453, 1452, 0, 2, 1, 3, 1, 1, 3, 43),
    (454, 1453, 0, 2, 1, 3, 1, 2, 1, 43),
    (455, 1454, 0, 2, 1, 3, 1, 2, 2, 43),
    (456, 1455, 0, 2, 1, 3, 1, 2, 3, 43),
    (457, 1456, 0, 2, 1, 3, 1, 3, 1, 43),
    (458, 1457, 0, 2, 1, 3, 1, 3, 2, 43),
    (459, 1458, 0, 2, 1, 3, 1, 3, 3, 43),
    (460, 1459, 0, 2, 1, 3, 1, 4, 1, 43),
    (461, 1460, 0, 2, 1, 3, 1, 4, 2, 43),
    (462, 1461, 0, 2, 1, 3, 1, 4, 3, 43),
    (463, 1462, 0, 2, 1, 3, 2, 1, 1, 44),
    (464, 1463, 0, 2, 1, 3, 2, 1, 2, 44),
    (465, 1464, 0, 2, 1, 3, 2, 1, 3, 44),
    (466, 1465, 0, 2, 1, 3, 2, 2, 1, 44),
    (467, 1466, 0, 2, 1, 3, 2, 2, 2, 44),
    (468, 1467, 0, 2, 1, 3, 2, 2, 3, 44),
    (469, 1468, 0, 2, 1, 3, 2, 3, 1, 44),
    (470, 1469, 0, 2, 1, 3, 2, 3, 2, 44),
    (471, 1470, 0, 2, 1, 3, 2, 3, 3, 44),
    (472, 1471, 0, 2, 1, 3, 2, 4, 1, 44),
    (473, 1472, 0, 2, 1, 3, 2, 4, 2, 44),
    (474, 1473, 0, 2, 1, 3, 2, 4, 3, 44),
    (475, 1474, 0, 2, 1, 3, 3, 1, 1, 45),
    (476, 1475, 0, 2, 1, 3, 3, 1, 2, 45),
    (477, 1476, 0, 2, 1, 3, 3, 1, 3, 45),
    (478, 1477, 0, 2, 1, 3, 3, 2, 1, 45),
    (479, 1478, 0, 2, 1, 3, 3, 2, 2, 45),
    (480, 1479, 0, 2, 1, 3, 3, 2, 3, 45),
    (481, 1480, 0, 2, 1, 3, 3, 3, 1, 45),
    (482, 1481, 0, 2, 1, 3, 3, 3, 2, 45),
    (483, 1482, 0, 2, 1, 3, 3, 3, 3, 45),
    (484, 1483, 0, 2, 1, 3, 3, 4, 1, 45),
    (485, 1484, 0, 2, 1, 3, 3, 4, 2, 45),
    (486, 1485, 0, 2, 1, 3, 3, 4, 3, 45),
    (487, 1486, 0, 2, 2, 1, 1, 1, 1, 46),
    (488, 1487, 0, 2, 2, 1, 1, 1, 2, 46),
    (489, 1488, 0, 2, 2, 1, 1, 1, 3, 46),
    (490, 1489, 0, 2, 2, 1, 1, 2, 1, 46),
    (491, 1490, 0, 2, 2, 1, 1, 2, 2, 46),
    (492, 1491, 0, 2, 2, 1, 1, 2, 3, 46),
    (493, 1492, 0, 2, 2, 1, 1, 3, 1, 46),
    (494, 1493, 0, 2, 2, 1, 1, 3, 2, 46),
    (495, 1494, 0, 2, 2, 1, 1, 3, 3, 46),
    (496, 1495, 0, 2, 2, 1, 1, 4, 1, 46),
    (497, 1496, 0, 2, 2, 1, 1, 4, 2, 46),
    (498, 1497, 0, 2, 2, 1, 1, 4, 3, 46),
    (499, 1498, 0, 2, 2, 1, 2, 1, 1, 47),
    (500, 1499, 0, 2, 2, 1, 2, 1, 2, 47),
    (501, 1500, 0, 2, 2, 1, 2, 1, 3, 47),
    (502, 1501, 0, 2, 2, 1, 2, 2, 1, 47),
    (503, 1502, 0, 2, 2, 1, 2, 2, 2, 47),
    (504, 1503, 0, 2, 2, 1, 2, 2, 3, 47),
    (505, 1504, 0, 2, 2, 1, 2, 3, 1, 47),
    (506, 1505, 0, 2, 2, 1, 2, 3, 2, 47),
    (507, 1506, 0, 2, 2, 1, 2, 3, 3, 47),
    (508, 1507, 0, 2, 2, 1, 2, 4, 1, 47),
    (509, 1508, 0, 2, 2, 1, 2, 4, 2, 47),
    (510, 1509, 0, 2, 2, 1, 2, 4, 3, 47),
    (511, 1510, 0, 2, 2, 1, 3, 1, 1, 48),
    (512, 1511, 0, 2, 2, 1, 3, 1, 2, 48),
    (513, 1512, 0, 2, 2, 1, 3, 1, 3, 48),
    (514, 1513, 0, 2, 2, 1, 3, 2, 1, 48),
    (515, 1514, 0, 2, 2, 1, 3, 2, 2, 48),
    (516, 1515, 0, 2, 2, 1, 3, 2, 3, 48),
    (517, 1516, 0, 2, 2, 1, 3, 3, 1, 48),
    (518, 1517, 0, 2, 2, 1, 3, 3, 2, 48),
    (519, 1518, 0, 2, 2, 1, 3, 3, 3, 48),
    (520, 1519, 0, 2, 2, 1, 3, 4, 1, 48),
    (521, 1520, 0, 2, 2, 1, 3, 4, 2, 48),
    (522, 1521, 0, 2, 2, 1, 3, 4, 3, 48),
    (523, 1522, 0, 2, 2, 2, 1, 1, 1, 49),
    (524, 1523, 0, 2, 2, 2, 1, 1, 2, 49),
    (525, 1524, 0, 2, 2, 2, 1, 1, 3, 49),
    (526, 1525, 0, 2, 2, 2, 1, 2, 1, 49),
    (527, 1526, 0, 2, 2, 2, 1, 2, 2, 49),
    (528, 1527, 0, 2, 2, 2, 1, 2, 3, 49),
    (529, 1528, 0, 2, 2, 2, 1, 3, 1, 49),
    (530, 1529, 0, 2, 2, 2, 1, 3, 2, 49),
    (531, 1530, 0, 2, 2, 2, 1, 3, 3, 49),
    (532, 1531, 0, 2, 2, 2, 1, 4, 1, 49),
    (533, 1532, 0, 2, 2, 2, 1, 4, 2, 49),
    (534, 1533, 0, 2, 2, 2, 1, 4, 3, 49),
    (535, 1534, 0, 2, 2, 2, 2, 1, 1, 50),
    (536, 1535, 0, 2, 2, 2, 2, 1, 2, 50),
    (537, 1536, 0, 2, 2, 2, 2, 1, 3, 50),
    (538, 1537, 0, 2, 2, 2, 2, 2, 1, 50),
    (539, 1538, 0, 2, 2, 2, 2, 2, 2, 50),
    (540, 1539, 0, 2, 2, 2, 2, 2, 3, 50),
    (541, 1540, 0, 2, 2, 2, 2, 3, 1, 50),
    (542, 1541, 0, 2, 2, 2, 2, 3, 2, 50),
    (543, 1542, 0, 2, 2, 2, 2, 3, 3, 50),
    (544, 1543, 0, 2, 2, 2, 2, 4, 1, 50),
    (545, 1544, 0, 2, 2, 2, 2, 4, 2, 50),
    (546, 1545, 0, 2, 2, 2, 2, 4, 3, 50),
    (547, 1546, 0, 2, 2, 2, 3, 1, 1, 51),
    (548, 1547, 0, 2, 2, 2, 3, 1, 2, 51),
    (549, 1548, 0, 2, 2, 2, 3, 1, 3, 51),
    (550, 1549, 0, 2, 2, 2, 3, 2, 1, 51),
    (551, 1550, 0, 2, 2, 2, 3, 2, 2, 51),
    (552, 1551, 0, 2, 2, 2, 3, 2, 3, 51),
    (553, 1552, 0, 2, 2, 2, 3, 3, 1, 51),
    (554, 1553, 0, 2, 2, 2, 3, 3, 2, 51),
    (555, 1554, 0, 2, 2, 2, 3, 3, 3, 51),
    (556, 1555, 0, 2, 2, 2, 3, 4, 1, 51),
    (557, 1556, 0, 2, 2, 2, 3, 4, 2, 51),
    (558, 1557, 0, 2, 2, 2, 3, 4, 3, 51),
    (559, 1558, 0, 2, 2, 3, 1, 1, 1, 52),
    (560, 1559, 0, 2, 2, 3, 1, 1, 2, 52),
    (561, 1560, 0, 2, 2, 3, 1, 1, 3, 52),
    (562, 1561, 0, 2, 2, 3, 1, 2, 1, 52),
    (563, 1562, 0, 2, 2, 3, 1, 2, 2, 52),
    (564, 1563, 0, 2, 2, 3, 1, 2, 3, 52),
    (565, 1564, 0, 2, 2, 3, 1, 3, 1, 52),
    (566, 1565, 0, 2, 2, 3, 1, 3, 2, 52),
    (567, 1566, 0, 2, 2, 3, 1, 3, 3, 52),
    (568, 1567, 0, 2, 2, 3, 1, 4, 1, 52),
    (569, 1568, 0, 2, 2, 3, 1, 4, 2, 52),
    (570, 1569, 0, 2, 2, 3, 1, 4, 3, 52),
    (571, 1570, 0, 2, 2, 3, 2, 1, 1, 53),
    (572, 1571, 0, 2, 2, 3, 2, 1, 2, 53),
    (573, 1572, 0, 2, 2, 3, 2, 1, 3, 53),
    (574, 1573, 0, 2, 2, 3, 2, 2, 1, 53),
    (575, 1574, 0, 2, 2, 3, 2, 2, 2, 53),
    (576, 1575, 0, 2, 2, 3, 2, 2, 3, 53),
    (577, 1576, 0, 2, 2, 3, 2, 3, 1, 53),
    (578, 1577, 0, 2, 2, 3, 2, 3, 2, 53),
    (579, 1578, 0, 2, 2, 3, 2, 3, 3, 53),
    (580, 1579, 0, 2, 2, 3, 2, 4, 1, 53),
    (581, 1580, 0, 2, 2, 3, 2, 4, 2, 53),
    (582, 1581, 0, 2, 2, 3, 2, 4, 3, 53),
    (583, 1582, 0, 2, 2, 3, 3, 1, 1, 54),
    (584, 1583, 0, 2, 2, 3, 3, 1, 2, 54),
    (585, 1584, 0, 2, 2, 3, 3, 1, 3, 54),
    (586, 1585, 0, 2, 2, 3, 3, 2, 1, 54),
    (587, 1586, 0, 2, 2, 3, 3, 2, 2, 54),
    (588, 1587, 0, 2, 2, 3, 3, 2, 3, 54),
    (589, 1588, 0, 2, 2, 3, 3, 3, 1, 54),
    (590, 1589, 0, 2, 2, 3, 3, 3, 2, 54),
    (591, 1590, 0, 2, 2, 3, 3, 3, 3, 54),
    (592, 1591, 0, 2, 2, 3, 3, 4, 1, 54),
    (593, 1592, 0, 2, 2, 3, 3, 4, 2, 54),
    (594, 1593, 0, 2, 2, 3, 3, 4, 3, 54),
    (595, 1594, 0, 2, 3, 1, 1, 1, 1, 55),
    (596, 1595, 0, 2, 3, 1, 1, 1, 2, 55),
    (597, 1596, 0, 2, 3, 1, 1, 1, 3, 55),
    (598, 1597, 0, 2, 3, 1, 1, 2, 1, 55),
    (599, 1598, 0, 2, 3, 1, 1, 2, 2, 55),
    (600, 1599, 0, 2, 3, 1, 1, 2, 3, 55);
INSERT INTO Containers (Id, Number, Type, Cabinet, Shelf, GroupRow, GroupColumn, PositionRow, PositionColumn, ContainerGroupId) VALUES
    (601, 1600, 0, 2, 3, 1, 1, 3, 1, 55),
    (602, 1601, 0, 2, 3, 1, 1, 3, 2, 55),
    (603, 1602, 0, 2, 3, 1, 1, 3, 3, 55),
    (604, 1603, 0, 2, 3, 1, 1, 4, 1, 55),
    (605, 1604, 0, 2, 3, 1, 1, 4, 2, 55),
    (606, 1605, 0, 2, 3, 1, 1, 4, 3, 55),
    (607, 1606, 0, 2, 3, 1, 2, 1, 1, 56),
    (608, 1607, 0, 2, 3, 1, 2, 1, 2, 56),
    (609, 1608, 0, 2, 3, 1, 2, 1, 3, 56),
    (610, 1609, 0, 2, 3, 1, 2, 2, 1, 56),
    (611, 1610, 0, 2, 3, 1, 2, 2, 2, 56),
    (612, 1611, 0, 2, 3, 1, 2, 2, 3, 56),
    (613, 1612, 0, 2, 3, 1, 2, 3, 1, 56),
    (614, 1613, 0, 2, 3, 1, 2, 3, 2, 56),
    (615, 1614, 0, 2, 3, 1, 2, 3, 3, 56),
    (616, 1615, 0, 2, 3, 1, 2, 4, 1, 56),
    (617, 1616, 0, 2, 3, 1, 2, 4, 2, 56),
    (618, 1617, 0, 2, 3, 1, 2, 4, 3, 56),
    (619, 1618, 0, 2, 3, 1, 3, 1, 1, 57),
    (620, 1619, 0, 2, 3, 1, 3, 1, 2, 57),
    (621, 1620, 0, 2, 3, 1, 3, 1, 3, 57),
    (622, 1621, 0, 2, 3, 1, 3, 2, 1, 57),
    (623, 1622, 0, 2, 3, 1, 3, 2, 2, 57),
    (624, 1623, 0, 2, 3, 1, 3, 2, 3, 57),
    (625, 1624, 0, 2, 3, 1, 3, 3, 1, 57),
    (626, 1625, 0, 2, 3, 1, 3, 3, 2, 57),
    (627, 1626, 0, 2, 3, 1, 3, 3, 3, 57),
    (628, 1627, 0, 2, 3, 1, 3, 4, 1, 57),
    (629, 1628, 0, 2, 3, 1, 3, 4, 2, 57),
    (630, 1629, 0, 2, 3, 1, 3, 4, 3, 57),
    (631, 1630, 0, 2, 3, 2, 1, 1, 1, 58),
    (632, 1631, 0, 2, 3, 2, 1, 1, 2, 58),
    (633, 1632, 0, 2, 3, 2, 1, 1, 3, 58),
    (634, 1633, 0, 2, 3, 2, 1, 2, 1, 58),
    (635, 1634, 0, 2, 3, 2, 1, 2, 2, 58),
    (636, 1635, 0, 2, 3, 2, 1, 2, 3, 58),
    (637, 1636, 0, 2, 3, 2, 1, 3, 1, 58),
    (638, 1637, 0, 2, 3, 2, 1, 3, 2, 58),
    (639, 1638, 0, 2, 3, 2, 1, 3, 3, 58),
    (640, 1639, 0, 2, 3, 2, 1, 4, 1, 58),
    (641, 1640, 0, 2, 3, 2, 1, 4, 2, 58),
    (642, 1641, 0, 2, 3, 2, 1, 4, 3, 58),
    (643, 1642, 0, 2, 3, 2, 2, 1, 1, 59),
    (644, 1643, 0, 2, 3, 2, 2, 1, 2, 59),
    (645, 1644, 0, 2, 3, 2, 2, 1, 3, 59),
    (646, 1645, 0, 2, 3, 2, 2, 2, 1, 59),
    (647, 1646, 0, 2, 3, 2, 2, 2, 2, 59),
    (648, 1647, 0, 2, 3, 2, 2, 2, 3, 59),
    (649, 1648, 0, 2, 3, 2, 2, 3, 1, 59),
    (650, 1649, 0, 2, 3, 2, 2, 3, 2, 59),
    (651, 1650, 0, 2, 3, 2, 2, 3, 3, 59),
    (652, 1651, 0, 2, 3, 2, 2, 4, 1, 59),
    (653, 1652, 0, 2, 3, 2, 2, 4, 2, 59),
    (654, 1653, 0, 2, 3, 2, 2, 4, 3, 59),
    (655, 1654, 0, 2, 3, 2, 3, 1, 1, 60),
    (656, 1655, 0, 2, 3, 2, 3, 1, 2, 60),
    (657, 1656, 0, 2, 3, 2, 3, 1, 3, 60),
    (658, 1657, 0, 2, 3, 2, 3, 2, 1, 60),
    (659, 1658, 0, 2, 3, 2, 3, 2, 2, 60),
    (660, 1659, 0, 2, 3, 2, 3, 2, 3, 60),
    (661, 1660, 0, 2, 3, 2, 3, 3, 1, 60),
    (662, 1661, 0, 2, 3, 2, 3, 3, 2, 60),
    (663, 1662, 0, 2, 3, 2, 3, 3, 3, 60),
    (664, 1663, 0, 2, 3, 2, 3, 4, 1, 60),
    (665, 1664, 0, 2, 3, 2, 3, 4, 2, 60),
    (666, 1665, 0, 2, 3, 2, 3, 4, 3, 60),
    (667, 1666, 0, 2, 3, 3, 1, 1, 1, 61),
    (668, 1667, 0, 2, 3, 3, 1, 1, 2, 61),
    (669, 1668, 0, 2, 3, 3, 1, 1, 3, 61),
    (670, 1669, 0, 2, 3, 3, 1, 2, 1, 61),
    (671, 1670, 0, 2, 3, 3, 1, 2, 2, 61),
    (672, 1671, 0, 2, 3, 3, 1, 2, 3, 61),
    (673, 1672, 0, 2, 3, 3, 1, 3, 1, 61),
    (674, 1673, 0, 2, 3, 3, 1, 3, 2, 61),
    (675, 1674, 0, 2, 3, 3, 1, 3, 3, 61),
    (676, 1675, 0, 2, 3, 3, 1, 4, 1, 61),
    (677, 1676, 0, 2, 3, 3, 1, 4, 2, 61),
    (678, 1677, 0, 2, 3, 3, 1, 4, 3, 61),
    (679, 1678, 0, 2, 3, 3, 2, 1, 1, 62),
    (680, 1679, 0, 2, 3, 3, 2, 1, 2, 62),
    (681, 1680, 0, 2, 3, 3, 2, 1, 3, 62),
    (682, 1681, 0, 2, 3, 3, 2, 2, 1, 62),
    (683, 1682, 0, 2, 3, 3, 2, 2, 2, 62),
    (684, 1683, 0, 2, 3, 3, 2, 2, 3, 62),
    (685, 1684, 0, 2, 3, 3, 2, 3, 1, 62),
    (686, 1685, 0, 2, 3, 3, 2, 3, 2, 62),
    (687, 1686, 0, 2, 3, 3, 2, 3, 3, 62),
    (688, 1687, 0, 2, 3, 3, 2, 4, 1, 62),
    (689, 1688, 0, 2, 3, 3, 2, 4, 2, 62),
    (690, 1689, 0, 2, 3, 3, 2, 4, 3, 62),
    (691, 1690, 0, 2, 3, 3, 3, 1, 1, 63),
    (692, 1691, 0, 2, 3, 3, 3, 1, 2, 63),
    (693, 1692, 0, 2, 3, 3, 3, 1, 3, 63),
    (694, 1693, 0, 2, 3, 3, 3, 2, 1, 63),
    (695, 1694, 0, 2, 3, 3, 3, 2, 2, 63),
    (696, 1695, 0, 2, 3, 3, 3, 2, 3, 63),
    (697, 1696, 0, 2, 3, 3, 3, 3, 1, 63),
    (698, 1697, 0, 2, 3, 3, 3, 3, 2, 63),
    (699, 1698, 0, 2, 3, 3, 3, 3, 3, 63),
    (700, 1699, 0, 2, 3, 3, 3, 4, 1, 63),
    (701, 1700, 0, 2, 3, 3, 3, 4, 2, 63),
    (702, 1701, 0, 2, 3, 3, 3, 4, 3, 63),
    (703, 1702, 1, 2, 4, 1, 1, 1, 1, 64),
    (704, 1703, 1, 2, 4, 1, 1, 1, 2, 64),
    (705, 1704, 1, 2, 4, 1, 1, 1, 3, 64),
    (706, 1705, 1, 2, 4, 1, 1, 2, 1, 64),
    (707, 1706, 1, 2, 4, 1, 1, 2, 2, 64),
    (708, 1707, 1, 2, 4, 1, 1, 2, 3, 64),
    (709, 1708, 1, 2, 4, 1, 2, 1, 1, 65),
    (710, 1709, 1, 2, 4, 1, 2, 1, 2, 65),
    (711, 1710, 1, 2, 4, 1, 2, 1, 3, 65),
    (712, 1711, 1, 2, 4, 1, 2, 2, 1, 65),
    (713, 1712, 1, 2, 4, 1, 2, 2, 2, 65),
    (714, 1713, 1, 2, 4, 1, 2, 2, 3, 65),
    (715, 1714, 1, 2, 4, 1, 3, 1, 1, 66),
    (716, 1715, 1, 2, 4, 1, 3, 1, 2, 66),
    (717, 1716, 1, 2, 4, 1, 3, 1, 3, 66),
    (718, 1717, 1, 2, 4, 1, 3, 2, 1, 66),
    (719, 1718, 1, 2, 4, 1, 3, 2, 2, 66),
    (720, 1719, 1, 2, 4, 1, 3, 2, 3, 66),
    (721, 1720, 1, 2, 4, 2, 1, 1, 1, 67),
    (722, 1721, 1, 2, 4, 2, 1, 1, 2, 67),
    (723, 1722, 1, 2, 4, 2, 1, 1, 3, 67),
    (724, 1723, 1, 2, 4, 2, 1, 2, 1, 67),
    (725, 1724, 1, 2, 4, 2, 1, 2, 2, 67),
    (726, 1725, 1, 2, 4, 2, 1, 2, 3, 67),
    (727, 1726, 1, 2, 4, 2, 2, 1, 1, 68),
    (728, 1727, 1, 2, 4, 2, 2, 1, 2, 68),
    (729, 1728, 1, 2, 4, 2, 2, 1, 3, 68),
    (730, 1729, 1, 2, 4, 2, 2, 2, 1, 68),
    (731, 1730, 1, 2, 4, 2, 2, 2, 2, 68),
    (732, 1731, 1, 2, 4, 2, 2, 2, 3, 68),
    (733, 1732, 1, 2, 4, 2, 3, 1, 1, 69),
    (734, 1733, 1, 2, 4, 2, 3, 1, 2, 69),
    (735, 1734, 1, 2, 4, 2, 3, 1, 3, 69),
    (736, 1735, 1, 2, 4, 2, 3, 2, 1, 69),
    (737, 1736, 1, 2, 4, 2, 3, 2, 2, 69),
    (738, 1737, 1, 2, 4, 2, 3, 2, 3, 69),
    (739, 1738, 2, 2, 4, 3, 1, 1, 1, 70),
    (740, 1739, 2, 2, 4, 3, 1, 1, 2, 70),
    (741, 1740, 2, 2, 4, 3, 1, 2, 1, 70),
    (742, 1741, 2, 2, 4, 3, 1, 2, 2, 70),
    (743, 1742, 2, 2, 4, 3, 2, 1, 1, 71),
    (744, 1743, 2, 2, 4, 3, 2, 1, 2, 71),
    (745, 1744, 2, 2, 4, 3, 2, 2, 1, 71),
    (746, 1745, 2, 2, 4, 3, 2, 2, 2, 71),
    (747, 1746, 2, 2, 4, 3, 3, 1, 1, 72),
    (748, 1747, 2, 2, 4, 3, 3, 1, 2, 72),
    (749, 1748, 2, 2, 4, 3, 3, 2, 1, 72),
    (750, 1749, 2, 2, 4, 3, 3, 2, 2, 72);

-- -------------------------------------------------------------
-- Sections
-- 2046 sections (PX12 containers have 3 sections, PX6/PX4 have 1)
-- -------------------------------------------------------------
INSERT INTO Sections (Id, [Index], ContainerId) VALUES
    (1, 1, 1),
    (2, 2, 1),
    (3, 3, 1),
    (4, 1, 2),
    (5, 2, 2),
    (6, 3, 2),
    (7, 1, 3),
    (8, 2, 3),
    (9, 3, 3),
    (10, 1, 4),
    (11, 2, 4),
    (12, 3, 4),
    (13, 1, 5),
    (14, 2, 5),
    (15, 3, 5),
    (16, 1, 6),
    (17, 2, 6),
    (18, 3, 6),
    (19, 1, 7),
    (20, 2, 7),
    (21, 3, 7),
    (22, 1, 8),
    (23, 2, 8),
    (24, 3, 8),
    (25, 1, 9),
    (26, 2, 9),
    (27, 3, 9),
    (28, 1, 10),
    (29, 2, 10),
    (30, 3, 10),
    (31, 1, 11),
    (32, 2, 11),
    (33, 3, 11),
    (34, 1, 12),
    (35, 2, 12),
    (36, 3, 12),
    (37, 1, 13),
    (38, 2, 13),
    (39, 3, 13),
    (40, 1, 14),
    (41, 2, 14),
    (42, 3, 14),
    (43, 1, 15),
    (44, 2, 15),
    (45, 3, 15),
    (46, 1, 16),
    (47, 2, 16),
    (48, 3, 16),
    (49, 1, 17),
    (50, 2, 17),
    (51, 3, 17),
    (52, 1, 18),
    (53, 2, 18),
    (54, 3, 18),
    (55, 1, 19),
    (56, 2, 19),
    (57, 3, 19),
    (58, 1, 20),
    (59, 2, 20),
    (60, 3, 20),
    (61, 1, 21),
    (62, 2, 21),
    (63, 3, 21),
    (64, 1, 22),
    (65, 2, 22),
    (66, 3, 22),
    (67, 1, 23),
    (68, 2, 23),
    (69, 3, 23),
    (70, 1, 24),
    (71, 2, 24),
    (72, 3, 24),
    (73, 1, 25),
    (74, 2, 25),
    (75, 3, 25),
    (76, 1, 26),
    (77, 2, 26),
    (78, 3, 26),
    (79, 1, 27),
    (80, 2, 27),
    (81, 3, 27),
    (82, 1, 28),
    (83, 2, 28),
    (84, 3, 28),
    (85, 1, 29),
    (86, 2, 29),
    (87, 3, 29),
    (88, 1, 30),
    (89, 2, 30),
    (90, 3, 30),
    (91, 1, 31),
    (92, 2, 31),
    (93, 3, 31),
    (94, 1, 32),
    (95, 2, 32),
    (96, 3, 32),
    (97, 1, 33),
    (98, 2, 33),
    (99, 3, 33),
    (100, 1, 34),
    (101, 2, 34),
    (102, 3, 34),
    (103, 1, 35),
    (104, 2, 35),
    (105, 3, 35),
    (106, 1, 36),
    (107, 2, 36),
    (108, 3, 36),
    (109, 1, 37),
    (110, 2, 37),
    (111, 3, 37),
    (112, 1, 38),
    (113, 2, 38),
    (114, 3, 38),
    (115, 1, 39),
    (116, 2, 39),
    (117, 3, 39),
    (118, 1, 40),
    (119, 2, 40),
    (120, 3, 40),
    (121, 1, 41),
    (122, 2, 41),
    (123, 3, 41),
    (124, 1, 42),
    (125, 2, 42),
    (126, 3, 42),
    (127, 1, 43),
    (128, 2, 43),
    (129, 3, 43),
    (130, 1, 44),
    (131, 2, 44),
    (132, 3, 44),
    (133, 1, 45),
    (134, 2, 45),
    (135, 3, 45),
    (136, 1, 46),
    (137, 2, 46),
    (138, 3, 46),
    (139, 1, 47),
    (140, 2, 47),
    (141, 3, 47),
    (142, 1, 48),
    (143, 2, 48),
    (144, 3, 48),
    (145, 1, 49),
    (146, 2, 49),
    (147, 3, 49),
    (148, 1, 50),
    (149, 2, 50),
    (150, 3, 50),
    (151, 1, 51),
    (152, 2, 51),
    (153, 3, 51),
    (154, 1, 52),
    (155, 2, 52),
    (156, 3, 52),
    (157, 1, 53),
    (158, 2, 53),
    (159, 3, 53),
    (160, 1, 54),
    (161, 2, 54),
    (162, 3, 54),
    (163, 1, 55),
    (164, 2, 55),
    (165, 3, 55),
    (166, 1, 56),
    (167, 2, 56),
    (168, 3, 56),
    (169, 1, 57),
    (170, 2, 57),
    (171, 3, 57),
    (172, 1, 58),
    (173, 2, 58),
    (174, 3, 58),
    (175, 1, 59),
    (176, 2, 59),
    (177, 3, 59),
    (178, 1, 60),
    (179, 2, 60),
    (180, 3, 60),
    (181, 1, 61),
    (182, 2, 61),
    (183, 3, 61),
    (184, 1, 62),
    (185, 2, 62),
    (186, 3, 62),
    (187, 1, 63),
    (188, 2, 63),
    (189, 3, 63),
    (190, 1, 64),
    (191, 2, 64),
    (192, 3, 64),
    (193, 1, 65),
    (194, 2, 65),
    (195, 3, 65),
    (196, 1, 66),
    (197, 2, 66),
    (198, 3, 66),
    (199, 1, 67),
    (200, 2, 67);
INSERT INTO Sections (Id, [Index], ContainerId) VALUES
    (201, 3, 67),
    (202, 1, 68),
    (203, 2, 68),
    (204, 3, 68),
    (205, 1, 69),
    (206, 2, 69),
    (207, 3, 69),
    (208, 1, 70),
    (209, 2, 70),
    (210, 3, 70),
    (211, 1, 71),
    (212, 2, 71),
    (213, 3, 71),
    (214, 1, 72),
    (215, 2, 72),
    (216, 3, 72),
    (217, 1, 73),
    (218, 2, 73),
    (219, 3, 73),
    (220, 1, 74),
    (221, 2, 74),
    (222, 3, 74),
    (223, 1, 75),
    (224, 2, 75),
    (225, 3, 75),
    (226, 1, 76),
    (227, 2, 76),
    (228, 3, 76),
    (229, 1, 77),
    (230, 2, 77),
    (231, 3, 77),
    (232, 1, 78),
    (233, 2, 78),
    (234, 3, 78),
    (235, 1, 79),
    (236, 2, 79),
    (237, 3, 79),
    (238, 1, 80),
    (239, 2, 80),
    (240, 3, 80),
    (241, 1, 81),
    (242, 2, 81),
    (243, 3, 81),
    (244, 1, 82),
    (245, 2, 82),
    (246, 3, 82),
    (247, 1, 83),
    (248, 2, 83),
    (249, 3, 83),
    (250, 1, 84),
    (251, 2, 84),
    (252, 3, 84),
    (253, 1, 85),
    (254, 2, 85),
    (255, 3, 85),
    (256, 1, 86),
    (257, 2, 86),
    (258, 3, 86),
    (259, 1, 87),
    (260, 2, 87),
    (261, 3, 87),
    (262, 1, 88),
    (263, 2, 88),
    (264, 3, 88),
    (265, 1, 89),
    (266, 2, 89),
    (267, 3, 89),
    (268, 1, 90),
    (269, 2, 90),
    (270, 3, 90),
    (271, 1, 91),
    (272, 2, 91),
    (273, 3, 91),
    (274, 1, 92),
    (275, 2, 92),
    (276, 3, 92),
    (277, 1, 93),
    (278, 2, 93),
    (279, 3, 93),
    (280, 1, 94),
    (281, 2, 94),
    (282, 3, 94),
    (283, 1, 95),
    (284, 2, 95),
    (285, 3, 95),
    (286, 1, 96),
    (287, 2, 96),
    (288, 3, 96),
    (289, 1, 97),
    (290, 2, 97),
    (291, 3, 97),
    (292, 1, 98),
    (293, 2, 98),
    (294, 3, 98),
    (295, 1, 99),
    (296, 2, 99),
    (297, 3, 99),
    (298, 1, 100),
    (299, 2, 100),
    (300, 3, 100),
    (301, 1, 101),
    (302, 2, 101),
    (303, 3, 101),
    (304, 1, 102),
    (305, 2, 102),
    (306, 3, 102),
    (307, 1, 103),
    (308, 2, 103),
    (309, 3, 103),
    (310, 1, 104),
    (311, 2, 104),
    (312, 3, 104),
    (313, 1, 105),
    (314, 2, 105),
    (315, 3, 105),
    (316, 1, 106),
    (317, 2, 106),
    (318, 3, 106),
    (319, 1, 107),
    (320, 2, 107),
    (321, 3, 107),
    (322, 1, 108),
    (323, 2, 108),
    (324, 3, 108),
    (325, 1, 109),
    (326, 2, 109),
    (327, 3, 109),
    (328, 1, 110),
    (329, 2, 110),
    (330, 3, 110),
    (331, 1, 111),
    (332, 2, 111),
    (333, 3, 111),
    (334, 1, 112),
    (335, 2, 112),
    (336, 3, 112),
    (337, 1, 113),
    (338, 2, 113),
    (339, 3, 113),
    (340, 1, 114),
    (341, 2, 114),
    (342, 3, 114),
    (343, 1, 115),
    (344, 2, 115),
    (345, 3, 115),
    (346, 1, 116),
    (347, 2, 116),
    (348, 3, 116),
    (349, 1, 117),
    (350, 2, 117),
    (351, 3, 117),
    (352, 1, 118),
    (353, 2, 118),
    (354, 3, 118),
    (355, 1, 119),
    (356, 2, 119),
    (357, 3, 119),
    (358, 1, 120),
    (359, 2, 120),
    (360, 3, 120),
    (361, 1, 121),
    (362, 2, 121),
    (363, 3, 121),
    (364, 1, 122),
    (365, 2, 122),
    (366, 3, 122),
    (367, 1, 123),
    (368, 2, 123),
    (369, 3, 123),
    (370, 1, 124),
    (371, 2, 124),
    (372, 3, 124),
    (373, 1, 125),
    (374, 2, 125),
    (375, 3, 125),
    (376, 1, 126),
    (377, 2, 126),
    (378, 3, 126),
    (379, 1, 127),
    (380, 2, 127),
    (381, 3, 127),
    (382, 1, 128),
    (383, 2, 128),
    (384, 3, 128),
    (385, 1, 129),
    (386, 2, 129),
    (387, 3, 129),
    (388, 1, 130),
    (389, 2, 130),
    (390, 3, 130),
    (391, 1, 131),
    (392, 2, 131),
    (393, 3, 131),
    (394, 1, 132),
    (395, 2, 132),
    (396, 3, 132),
    (397, 1, 133),
    (398, 2, 133),
    (399, 3, 133),
    (400, 1, 134);
INSERT INTO Sections (Id, [Index], ContainerId) VALUES
    (401, 2, 134),
    (402, 3, 134),
    (403, 1, 135),
    (404, 2, 135),
    (405, 3, 135),
    (406, 1, 136),
    (407, 2, 136),
    (408, 3, 136),
    (409, 1, 137),
    (410, 2, 137),
    (411, 3, 137),
    (412, 1, 138),
    (413, 2, 138),
    (414, 3, 138),
    (415, 1, 139),
    (416, 2, 139),
    (417, 3, 139),
    (418, 1, 140),
    (419, 2, 140),
    (420, 3, 140),
    (421, 1, 141),
    (422, 2, 141),
    (423, 3, 141),
    (424, 1, 142),
    (425, 2, 142),
    (426, 3, 142),
    (427, 1, 143),
    (428, 2, 143),
    (429, 3, 143),
    (430, 1, 144),
    (431, 2, 144),
    (432, 3, 144),
    (433, 1, 145),
    (434, 2, 145),
    (435, 3, 145),
    (436, 1, 146),
    (437, 2, 146),
    (438, 3, 146),
    (439, 1, 147),
    (440, 2, 147),
    (441, 3, 147),
    (442, 1, 148),
    (443, 2, 148),
    (444, 3, 148),
    (445, 1, 149),
    (446, 2, 149),
    (447, 3, 149),
    (448, 1, 150),
    (449, 2, 150),
    (450, 3, 150),
    (451, 1, 151),
    (452, 2, 151),
    (453, 3, 151),
    (454, 1, 152),
    (455, 2, 152),
    (456, 3, 152),
    (457, 1, 153),
    (458, 2, 153),
    (459, 3, 153),
    (460, 1, 154),
    (461, 2, 154),
    (462, 3, 154),
    (463, 1, 155),
    (464, 2, 155),
    (465, 3, 155),
    (466, 1, 156),
    (467, 2, 156),
    (468, 3, 156),
    (469, 1, 157),
    (470, 2, 157),
    (471, 3, 157),
    (472, 1, 158),
    (473, 2, 158),
    (474, 3, 158),
    (475, 1, 159),
    (476, 2, 159),
    (477, 3, 159),
    (478, 1, 160),
    (479, 2, 160),
    (480, 3, 160),
    (481, 1, 161),
    (482, 2, 161),
    (483, 3, 161),
    (484, 1, 162),
    (485, 2, 162),
    (486, 3, 162),
    (487, 1, 163),
    (488, 2, 163),
    (489, 3, 163),
    (490, 1, 164),
    (491, 2, 164),
    (492, 3, 164),
    (493, 1, 165),
    (494, 2, 165),
    (495, 3, 165),
    (496, 1, 166),
    (497, 2, 166),
    (498, 3, 166),
    (499, 1, 167),
    (500, 2, 167),
    (501, 3, 167),
    (502, 1, 168),
    (503, 2, 168),
    (504, 3, 168),
    (505, 1, 169),
    (506, 2, 169),
    (507, 3, 169),
    (508, 1, 170),
    (509, 2, 170),
    (510, 3, 170),
    (511, 1, 171),
    (512, 2, 171),
    (513, 3, 171),
    (514, 1, 172),
    (515, 2, 172),
    (516, 3, 172),
    (517, 1, 173),
    (518, 2, 173),
    (519, 3, 173),
    (520, 1, 174),
    (521, 2, 174),
    (522, 3, 174),
    (523, 1, 175),
    (524, 2, 175),
    (525, 3, 175),
    (526, 1, 176),
    (527, 2, 176),
    (528, 3, 176),
    (529, 1, 177),
    (530, 2, 177),
    (531, 3, 177),
    (532, 1, 178),
    (533, 2, 178),
    (534, 3, 178),
    (535, 1, 179),
    (536, 2, 179),
    (537, 3, 179),
    (538, 1, 180),
    (539, 2, 180),
    (540, 3, 180),
    (541, 1, 181),
    (542, 2, 181),
    (543, 3, 181),
    (544, 1, 182),
    (545, 2, 182),
    (546, 3, 182),
    (547, 1, 183),
    (548, 2, 183),
    (549, 3, 183),
    (550, 1, 184),
    (551, 2, 184),
    (552, 3, 184),
    (553, 1, 185),
    (554, 2, 185),
    (555, 3, 185),
    (556, 1, 186),
    (557, 2, 186),
    (558, 3, 186),
    (559, 1, 187),
    (560, 2, 187),
    (561, 3, 187),
    (562, 1, 188),
    (563, 2, 188),
    (564, 3, 188),
    (565, 1, 189),
    (566, 2, 189),
    (567, 3, 189),
    (568, 1, 190),
    (569, 2, 190),
    (570, 3, 190),
    (571, 1, 191),
    (572, 2, 191),
    (573, 3, 191),
    (574, 1, 192),
    (575, 2, 192),
    (576, 3, 192),
    (577, 1, 193),
    (578, 2, 193),
    (579, 3, 193),
    (580, 1, 194),
    (581, 2, 194),
    (582, 3, 194),
    (583, 1, 195),
    (584, 2, 195),
    (585, 3, 195),
    (586, 1, 196),
    (587, 2, 196),
    (588, 3, 196),
    (589, 1, 197),
    (590, 2, 197),
    (591, 3, 197),
    (592, 1, 198),
    (593, 2, 198),
    (594, 3, 198),
    (595, 1, 199),
    (596, 2, 199),
    (597, 3, 199),
    (598, 1, 200),
    (599, 2, 200),
    (600, 3, 200);
INSERT INTO Sections (Id, [Index], ContainerId) VALUES
    (601, 1, 201),
    (602, 2, 201),
    (603, 3, 201),
    (604, 1, 202),
    (605, 2, 202),
    (606, 3, 202),
    (607, 1, 203),
    (608, 2, 203),
    (609, 3, 203),
    (610, 1, 204),
    (611, 2, 204),
    (612, 3, 204),
    (613, 1, 205),
    (614, 2, 205),
    (615, 3, 205),
    (616, 1, 206),
    (617, 2, 206),
    (618, 3, 206),
    (619, 1, 207),
    (620, 2, 207),
    (621, 3, 207),
    (622, 1, 208),
    (623, 2, 208),
    (624, 3, 208),
    (625, 1, 209),
    (626, 2, 209),
    (627, 3, 209),
    (628, 1, 210),
    (629, 2, 210),
    (630, 3, 210),
    (631, 1, 211),
    (632, 2, 211),
    (633, 3, 211),
    (634, 1, 212),
    (635, 2, 212),
    (636, 3, 212),
    (637, 1, 213),
    (638, 2, 213),
    (639, 3, 213),
    (640, 1, 214),
    (641, 2, 214),
    (642, 3, 214),
    (643, 1, 215),
    (644, 2, 215),
    (645, 3, 215),
    (646, 1, 216),
    (647, 2, 216),
    (648, 3, 216),
    (649, 1, 217),
    (650, 2, 217),
    (651, 3, 217),
    (652, 1, 218),
    (653, 2, 218),
    (654, 3, 218),
    (655, 1, 219),
    (656, 2, 219),
    (657, 3, 219),
    (658, 1, 220),
    (659, 2, 220),
    (660, 3, 220),
    (661, 1, 221),
    (662, 2, 221),
    (663, 3, 221),
    (664, 1, 222),
    (665, 2, 222),
    (666, 3, 222),
    (667, 1, 223),
    (668, 2, 223),
    (669, 3, 223),
    (670, 1, 224),
    (671, 2, 224),
    (672, 3, 224),
    (673, 1, 225),
    (674, 2, 225),
    (675, 3, 225),
    (676, 1, 226),
    (677, 2, 226),
    (678, 3, 226),
    (679, 1, 227),
    (680, 2, 227),
    (681, 3, 227),
    (682, 1, 228),
    (683, 2, 228),
    (684, 3, 228),
    (685, 1, 229),
    (686, 2, 229),
    (687, 3, 229),
    (688, 1, 230),
    (689, 2, 230),
    (690, 3, 230),
    (691, 1, 231),
    (692, 2, 231),
    (693, 3, 231),
    (694, 1, 232),
    (695, 2, 232),
    (696, 3, 232),
    (697, 1, 233),
    (698, 2, 233),
    (699, 3, 233),
    (700, 1, 234),
    (701, 2, 234),
    (702, 3, 234),
    (703, 1, 235),
    (704, 2, 235),
    (705, 3, 235),
    (706, 1, 236),
    (707, 2, 236),
    (708, 3, 236),
    (709, 1, 237),
    (710, 2, 237),
    (711, 3, 237),
    (712, 1, 238),
    (713, 2, 238),
    (714, 3, 238),
    (715, 1, 239),
    (716, 2, 239),
    (717, 3, 239),
    (718, 1, 240),
    (719, 2, 240),
    (720, 3, 240),
    (721, 1, 241),
    (722, 2, 241),
    (723, 3, 241),
    (724, 1, 242),
    (725, 2, 242),
    (726, 3, 242),
    (727, 1, 243),
    (728, 2, 243),
    (729, 3, 243),
    (730, 1, 244),
    (731, 2, 244),
    (732, 3, 244),
    (733, 1, 245),
    (734, 2, 245),
    (735, 3, 245),
    (736, 1, 246),
    (737, 2, 246),
    (738, 3, 246),
    (739, 1, 247),
    (740, 2, 247),
    (741, 3, 247),
    (742, 1, 248),
    (743, 2, 248),
    (744, 3, 248),
    (745, 1, 249),
    (746, 2, 249),
    (747, 3, 249),
    (748, 1, 250),
    (749, 2, 250),
    (750, 3, 250),
    (751, 1, 251),
    (752, 2, 251),
    (753, 3, 251),
    (754, 1, 252),
    (755, 2, 252),
    (756, 3, 252),
    (757, 1, 253),
    (758, 2, 253),
    (759, 3, 253),
    (760, 1, 254),
    (761, 2, 254),
    (762, 3, 254),
    (763, 1, 255),
    (764, 2, 255),
    (765, 3, 255),
    (766, 1, 256),
    (767, 2, 256),
    (768, 3, 256),
    (769, 1, 257),
    (770, 2, 257),
    (771, 3, 257),
    (772, 1, 258),
    (773, 2, 258),
    (774, 3, 258),
    (775, 1, 259),
    (776, 2, 259),
    (777, 3, 259),
    (778, 1, 260),
    (779, 2, 260),
    (780, 3, 260),
    (781, 1, 261),
    (782, 2, 261),
    (783, 3, 261),
    (784, 1, 262),
    (785, 2, 262),
    (786, 3, 262),
    (787, 1, 263),
    (788, 2, 263),
    (789, 3, 263),
    (790, 1, 264),
    (791, 2, 264),
    (792, 3, 264),
    (793, 1, 265),
    (794, 2, 265),
    (795, 3, 265),
    (796, 1, 266),
    (797, 2, 266),
    (798, 3, 266),
    (799, 1, 267),
    (800, 2, 267);
INSERT INTO Sections (Id, [Index], ContainerId) VALUES
    (801, 3, 267),
    (802, 1, 268),
    (803, 2, 268),
    (804, 3, 268),
    (805, 1, 269),
    (806, 2, 269),
    (807, 3, 269),
    (808, 1, 270),
    (809, 2, 270),
    (810, 3, 270),
    (811, 1, 271),
    (812, 2, 271),
    (813, 3, 271),
    (814, 1, 272),
    (815, 2, 272),
    (816, 3, 272),
    (817, 1, 273),
    (818, 2, 273),
    (819, 3, 273),
    (820, 1, 274),
    (821, 2, 274),
    (822, 3, 274),
    (823, 1, 275),
    (824, 2, 275),
    (825, 3, 275),
    (826, 1, 276),
    (827, 2, 276),
    (828, 3, 276),
    (829, 1, 277),
    (830, 2, 277),
    (831, 3, 277),
    (832, 1, 278),
    (833, 2, 278),
    (834, 3, 278),
    (835, 1, 279),
    (836, 2, 279),
    (837, 3, 279),
    (838, 1, 280),
    (839, 2, 280),
    (840, 3, 280),
    (841, 1, 281),
    (842, 2, 281),
    (843, 3, 281),
    (844, 1, 282),
    (845, 2, 282),
    (846, 3, 282),
    (847, 1, 283),
    (848, 2, 283),
    (849, 3, 283),
    (850, 1, 284),
    (851, 2, 284),
    (852, 3, 284),
    (853, 1, 285),
    (854, 2, 285),
    (855, 3, 285),
    (856, 1, 286),
    (857, 2, 286),
    (858, 3, 286),
    (859, 1, 287),
    (860, 2, 287),
    (861, 3, 287),
    (862, 1, 288),
    (863, 2, 288),
    (864, 3, 288),
    (865, 1, 289),
    (866, 2, 289),
    (867, 3, 289),
    (868, 1, 290),
    (869, 2, 290),
    (870, 3, 290),
    (871, 1, 291),
    (872, 2, 291),
    (873, 3, 291),
    (874, 1, 292),
    (875, 2, 292),
    (876, 3, 292),
    (877, 1, 293),
    (878, 2, 293),
    (879, 3, 293),
    (880, 1, 294),
    (881, 2, 294),
    (882, 3, 294),
    (883, 1, 295),
    (884, 2, 295),
    (885, 3, 295),
    (886, 1, 296),
    (887, 2, 296),
    (888, 3, 296),
    (889, 1, 297),
    (890, 2, 297),
    (891, 3, 297),
    (892, 1, 298),
    (893, 2, 298),
    (894, 3, 298),
    (895, 1, 299),
    (896, 2, 299),
    (897, 3, 299),
    (898, 1, 300),
    (899, 2, 300),
    (900, 3, 300),
    (901, 1, 301),
    (902, 2, 301),
    (903, 3, 301),
    (904, 1, 302),
    (905, 2, 302),
    (906, 3, 302),
    (907, 1, 303),
    (908, 2, 303),
    (909, 3, 303),
    (910, 1, 304),
    (911, 2, 304),
    (912, 3, 304),
    (913, 1, 305),
    (914, 2, 305),
    (915, 3, 305),
    (916, 1, 306),
    (917, 2, 306),
    (918, 3, 306),
    (919, 1, 307),
    (920, 2, 307),
    (921, 3, 307),
    (922, 1, 308),
    (923, 2, 308),
    (924, 3, 308),
    (925, 1, 309),
    (926, 2, 309),
    (927, 3, 309),
    (928, 1, 310),
    (929, 2, 310),
    (930, 3, 310),
    (931, 1, 311),
    (932, 2, 311),
    (933, 3, 311),
    (934, 1, 312),
    (935, 2, 312),
    (936, 3, 312),
    (937, 1, 313),
    (938, 2, 313),
    (939, 3, 313),
    (940, 1, 314),
    (941, 2, 314),
    (942, 3, 314),
    (943, 1, 315),
    (944, 2, 315),
    (945, 3, 315),
    (946, 1, 316),
    (947, 2, 316),
    (948, 3, 316),
    (949, 1, 317),
    (950, 2, 317),
    (951, 3, 317),
    (952, 1, 318),
    (953, 2, 318),
    (954, 3, 318),
    (955, 1, 319),
    (956, 2, 319),
    (957, 3, 319),
    (958, 1, 320),
    (959, 2, 320),
    (960, 3, 320),
    (961, 1, 321),
    (962, 2, 321),
    (963, 3, 321),
    (964, 1, 322),
    (965, 2, 322),
    (966, 3, 322),
    (967, 1, 323),
    (968, 2, 323),
    (969, 3, 323),
    (970, 1, 324),
    (971, 2, 324),
    (972, 3, 324),
    (973, 1, 325),
    (974, 1, 326),
    (975, 1, 327),
    (976, 1, 328),
    (977, 1, 329),
    (978, 1, 330),
    (979, 1, 331),
    (980, 1, 332),
    (981, 1, 333),
    (982, 1, 334),
    (983, 1, 335),
    (984, 1, 336),
    (985, 1, 337),
    (986, 1, 338),
    (987, 1, 339),
    (988, 1, 340),
    (989, 1, 341),
    (990, 1, 342),
    (991, 1, 343),
    (992, 1, 344),
    (993, 1, 345),
    (994, 1, 346),
    (995, 1, 347),
    (996, 1, 348),
    (997, 1, 349),
    (998, 1, 350),
    (999, 1, 351),
    (1000, 1, 352);
INSERT INTO Sections (Id, [Index], ContainerId) VALUES
    (1001, 1, 353),
    (1002, 1, 354),
    (1003, 1, 355),
    (1004, 1, 356),
    (1005, 1, 357),
    (1006, 1, 358),
    (1007, 1, 359),
    (1008, 1, 360),
    (1009, 1, 361),
    (1010, 1, 362),
    (1011, 1, 363),
    (1012, 1, 364),
    (1013, 1, 365),
    (1014, 1, 366),
    (1015, 1, 367),
    (1016, 1, 368),
    (1017, 1, 369),
    (1018, 1, 370),
    (1019, 1, 371),
    (1020, 1, 372),
    (1021, 1, 373),
    (1022, 1, 374),
    (1023, 1, 375),
    (1024, 1, 376),
    (1025, 1, 377),
    (1026, 1, 378),
    (1027, 1, 379),
    (1028, 2, 379),
    (1029, 3, 379),
    (1030, 1, 380),
    (1031, 2, 380),
    (1032, 3, 380),
    (1033, 1, 381),
    (1034, 2, 381),
    (1035, 3, 381),
    (1036, 1, 382),
    (1037, 2, 382),
    (1038, 3, 382),
    (1039, 1, 383),
    (1040, 2, 383),
    (1041, 3, 383),
    (1042, 1, 384),
    (1043, 2, 384),
    (1044, 3, 384),
    (1045, 1, 385),
    (1046, 2, 385),
    (1047, 3, 385),
    (1048, 1, 386),
    (1049, 2, 386),
    (1050, 3, 386),
    (1051, 1, 387),
    (1052, 2, 387),
    (1053, 3, 387),
    (1054, 1, 388),
    (1055, 2, 388),
    (1056, 3, 388),
    (1057, 1, 389),
    (1058, 2, 389),
    (1059, 3, 389),
    (1060, 1, 390),
    (1061, 2, 390),
    (1062, 3, 390),
    (1063, 1, 391),
    (1064, 2, 391),
    (1065, 3, 391),
    (1066, 1, 392),
    (1067, 2, 392),
    (1068, 3, 392),
    (1069, 1, 393),
    (1070, 2, 393),
    (1071, 3, 393),
    (1072, 1, 394),
    (1073, 2, 394),
    (1074, 3, 394),
    (1075, 1, 395),
    (1076, 2, 395),
    (1077, 3, 395),
    (1078, 1, 396),
    (1079, 2, 396),
    (1080, 3, 396),
    (1081, 1, 397),
    (1082, 2, 397),
    (1083, 3, 397),
    (1084, 1, 398),
    (1085, 2, 398),
    (1086, 3, 398),
    (1087, 1, 399),
    (1088, 2, 399),
    (1089, 3, 399),
    (1090, 1, 400),
    (1091, 2, 400),
    (1092, 3, 400),
    (1093, 1, 401),
    (1094, 2, 401),
    (1095, 3, 401),
    (1096, 1, 402),
    (1097, 2, 402),
    (1098, 3, 402),
    (1099, 1, 403),
    (1100, 2, 403),
    (1101, 3, 403),
    (1102, 1, 404),
    (1103, 2, 404),
    (1104, 3, 404),
    (1105, 1, 405),
    (1106, 2, 405),
    (1107, 3, 405),
    (1108, 1, 406),
    (1109, 2, 406),
    (1110, 3, 406),
    (1111, 1, 407),
    (1112, 2, 407),
    (1113, 3, 407),
    (1114, 1, 408),
    (1115, 2, 408),
    (1116, 3, 408),
    (1117, 1, 409),
    (1118, 2, 409),
    (1119, 3, 409),
    (1120, 1, 410),
    (1121, 2, 410),
    (1122, 3, 410),
    (1123, 1, 411),
    (1124, 2, 411),
    (1125, 3, 411),
    (1126, 1, 412),
    (1127, 2, 412),
    (1128, 3, 412),
    (1129, 1, 413),
    (1130, 2, 413),
    (1131, 3, 413),
    (1132, 1, 414),
    (1133, 2, 414),
    (1134, 3, 414),
    (1135, 1, 415),
    (1136, 2, 415),
    (1137, 3, 415),
    (1138, 1, 416),
    (1139, 2, 416),
    (1140, 3, 416),
    (1141, 1, 417),
    (1142, 2, 417),
    (1143, 3, 417),
    (1144, 1, 418),
    (1145, 2, 418),
    (1146, 3, 418),
    (1147, 1, 419),
    (1148, 2, 419),
    (1149, 3, 419),
    (1150, 1, 420),
    (1151, 2, 420),
    (1152, 3, 420),
    (1153, 1, 421),
    (1154, 2, 421),
    (1155, 3, 421),
    (1156, 1, 422),
    (1157, 2, 422),
    (1158, 3, 422),
    (1159, 1, 423),
    (1160, 2, 423),
    (1161, 3, 423),
    (1162, 1, 424),
    (1163, 2, 424),
    (1164, 3, 424),
    (1165, 1, 425),
    (1166, 2, 425),
    (1167, 3, 425),
    (1168, 1, 426),
    (1169, 2, 426),
    (1170, 3, 426),
    (1171, 1, 427),
    (1172, 2, 427),
    (1173, 3, 427),
    (1174, 1, 428),
    (1175, 2, 428),
    (1176, 3, 428),
    (1177, 1, 429),
    (1178, 2, 429),
    (1179, 3, 429),
    (1180, 1, 430),
    (1181, 2, 430),
    (1182, 3, 430),
    (1183, 1, 431),
    (1184, 2, 431),
    (1185, 3, 431),
    (1186, 1, 432),
    (1187, 2, 432),
    (1188, 3, 432),
    (1189, 1, 433),
    (1190, 2, 433),
    (1191, 3, 433),
    (1192, 1, 434),
    (1193, 2, 434),
    (1194, 3, 434),
    (1195, 1, 435),
    (1196, 2, 435),
    (1197, 3, 435),
    (1198, 1, 436),
    (1199, 2, 436),
    (1200, 3, 436);
INSERT INTO Sections (Id, [Index], ContainerId) VALUES
    (1201, 1, 437),
    (1202, 2, 437),
    (1203, 3, 437),
    (1204, 1, 438),
    (1205, 2, 438),
    (1206, 3, 438),
    (1207, 1, 439),
    (1208, 2, 439),
    (1209, 3, 439),
    (1210, 1, 440),
    (1211, 2, 440),
    (1212, 3, 440),
    (1213, 1, 441),
    (1214, 2, 441),
    (1215, 3, 441),
    (1216, 1, 442),
    (1217, 2, 442),
    (1218, 3, 442),
    (1219, 1, 443),
    (1220, 2, 443),
    (1221, 3, 443),
    (1222, 1, 444),
    (1223, 2, 444),
    (1224, 3, 444),
    (1225, 1, 445),
    (1226, 2, 445),
    (1227, 3, 445),
    (1228, 1, 446),
    (1229, 2, 446),
    (1230, 3, 446),
    (1231, 1, 447),
    (1232, 2, 447),
    (1233, 3, 447),
    (1234, 1, 448),
    (1235, 2, 448),
    (1236, 3, 448),
    (1237, 1, 449),
    (1238, 2, 449),
    (1239, 3, 449),
    (1240, 1, 450),
    (1241, 2, 450),
    (1242, 3, 450),
    (1243, 1, 451),
    (1244, 2, 451),
    (1245, 3, 451),
    (1246, 1, 452),
    (1247, 2, 452),
    (1248, 3, 452),
    (1249, 1, 453),
    (1250, 2, 453),
    (1251, 3, 453),
    (1252, 1, 454),
    (1253, 2, 454),
    (1254, 3, 454),
    (1255, 1, 455),
    (1256, 2, 455),
    (1257, 3, 455),
    (1258, 1, 456),
    (1259, 2, 456),
    (1260, 3, 456),
    (1261, 1, 457),
    (1262, 2, 457),
    (1263, 3, 457),
    (1264, 1, 458),
    (1265, 2, 458),
    (1266, 3, 458),
    (1267, 1, 459),
    (1268, 2, 459),
    (1269, 3, 459),
    (1270, 1, 460),
    (1271, 2, 460),
    (1272, 3, 460),
    (1273, 1, 461),
    (1274, 2, 461),
    (1275, 3, 461),
    (1276, 1, 462),
    (1277, 2, 462),
    (1278, 3, 462),
    (1279, 1, 463),
    (1280, 2, 463),
    (1281, 3, 463),
    (1282, 1, 464),
    (1283, 2, 464),
    (1284, 3, 464),
    (1285, 1, 465),
    (1286, 2, 465),
    (1287, 3, 465),
    (1288, 1, 466),
    (1289, 2, 466),
    (1290, 3, 466),
    (1291, 1, 467),
    (1292, 2, 467),
    (1293, 3, 467),
    (1294, 1, 468),
    (1295, 2, 468),
    (1296, 3, 468),
    (1297, 1, 469),
    (1298, 2, 469),
    (1299, 3, 469),
    (1300, 1, 470),
    (1301, 2, 470),
    (1302, 3, 470),
    (1303, 1, 471),
    (1304, 2, 471),
    (1305, 3, 471),
    (1306, 1, 472),
    (1307, 2, 472),
    (1308, 3, 472),
    (1309, 1, 473),
    (1310, 2, 473),
    (1311, 3, 473),
    (1312, 1, 474),
    (1313, 2, 474),
    (1314, 3, 474),
    (1315, 1, 475),
    (1316, 2, 475),
    (1317, 3, 475),
    (1318, 1, 476),
    (1319, 2, 476),
    (1320, 3, 476),
    (1321, 1, 477),
    (1322, 2, 477),
    (1323, 3, 477),
    (1324, 1, 478),
    (1325, 2, 478),
    (1326, 3, 478),
    (1327, 1, 479),
    (1328, 2, 479),
    (1329, 3, 479),
    (1330, 1, 480),
    (1331, 2, 480),
    (1332, 3, 480),
    (1333, 1, 481),
    (1334, 2, 481),
    (1335, 3, 481),
    (1336, 1, 482),
    (1337, 2, 482),
    (1338, 3, 482),
    (1339, 1, 483),
    (1340, 2, 483),
    (1341, 3, 483),
    (1342, 1, 484),
    (1343, 2, 484),
    (1344, 3, 484),
    (1345, 1, 485),
    (1346, 2, 485),
    (1347, 3, 485),
    (1348, 1, 486),
    (1349, 2, 486),
    (1350, 3, 486),
    (1351, 1, 487),
    (1352, 2, 487),
    (1353, 3, 487),
    (1354, 1, 488),
    (1355, 2, 488),
    (1356, 3, 488),
    (1357, 1, 489),
    (1358, 2, 489),
    (1359, 3, 489),
    (1360, 1, 490),
    (1361, 2, 490),
    (1362, 3, 490),
    (1363, 1, 491),
    (1364, 2, 491),
    (1365, 3, 491),
    (1366, 1, 492),
    (1367, 2, 492),
    (1368, 3, 492),
    (1369, 1, 493),
    (1370, 2, 493),
    (1371, 3, 493),
    (1372, 1, 494),
    (1373, 2, 494),
    (1374, 3, 494),
    (1375, 1, 495),
    (1376, 2, 495),
    (1377, 3, 495),
    (1378, 1, 496),
    (1379, 2, 496),
    (1380, 3, 496),
    (1381, 1, 497),
    (1382, 2, 497),
    (1383, 3, 497),
    (1384, 1, 498),
    (1385, 2, 498),
    (1386, 3, 498),
    (1387, 1, 499),
    (1388, 2, 499),
    (1389, 3, 499),
    (1390, 1, 500),
    (1391, 2, 500),
    (1392, 3, 500),
    (1393, 1, 501),
    (1394, 2, 501),
    (1395, 3, 501),
    (1396, 1, 502),
    (1397, 2, 502),
    (1398, 3, 502),
    (1399, 1, 503),
    (1400, 2, 503);
INSERT INTO Sections (Id, [Index], ContainerId) VALUES
    (1401, 3, 503),
    (1402, 1, 504),
    (1403, 2, 504),
    (1404, 3, 504),
    (1405, 1, 505),
    (1406, 2, 505),
    (1407, 3, 505),
    (1408, 1, 506),
    (1409, 2, 506),
    (1410, 3, 506),
    (1411, 1, 507),
    (1412, 2, 507),
    (1413, 3, 507),
    (1414, 1, 508),
    (1415, 2, 508),
    (1416, 3, 508),
    (1417, 1, 509),
    (1418, 2, 509),
    (1419, 3, 509),
    (1420, 1, 510),
    (1421, 2, 510),
    (1422, 3, 510),
    (1423, 1, 511),
    (1424, 2, 511),
    (1425, 3, 511),
    (1426, 1, 512),
    (1427, 2, 512),
    (1428, 3, 512),
    (1429, 1, 513),
    (1430, 2, 513),
    (1431, 3, 513),
    (1432, 1, 514),
    (1433, 2, 514),
    (1434, 3, 514),
    (1435, 1, 515),
    (1436, 2, 515),
    (1437, 3, 515),
    (1438, 1, 516),
    (1439, 2, 516),
    (1440, 3, 516),
    (1441, 1, 517),
    (1442, 2, 517),
    (1443, 3, 517),
    (1444, 1, 518),
    (1445, 2, 518),
    (1446, 3, 518),
    (1447, 1, 519),
    (1448, 2, 519),
    (1449, 3, 519),
    (1450, 1, 520),
    (1451, 2, 520),
    (1452, 3, 520),
    (1453, 1, 521),
    (1454, 2, 521),
    (1455, 3, 521),
    (1456, 1, 522),
    (1457, 2, 522),
    (1458, 3, 522),
    (1459, 1, 523),
    (1460, 2, 523),
    (1461, 3, 523),
    (1462, 1, 524),
    (1463, 2, 524),
    (1464, 3, 524),
    (1465, 1, 525),
    (1466, 2, 525),
    (1467, 3, 525),
    (1468, 1, 526),
    (1469, 2, 526),
    (1470, 3, 526),
    (1471, 1, 527),
    (1472, 2, 527),
    (1473, 3, 527),
    (1474, 1, 528),
    (1475, 2, 528),
    (1476, 3, 528),
    (1477, 1, 529),
    (1478, 2, 529),
    (1479, 3, 529),
    (1480, 1, 530),
    (1481, 2, 530),
    (1482, 3, 530),
    (1483, 1, 531),
    (1484, 2, 531),
    (1485, 3, 531),
    (1486, 1, 532),
    (1487, 2, 532),
    (1488, 3, 532),
    (1489, 1, 533),
    (1490, 2, 533),
    (1491, 3, 533),
    (1492, 1, 534),
    (1493, 2, 534),
    (1494, 3, 534),
    (1495, 1, 535),
    (1496, 2, 535),
    (1497, 3, 535),
    (1498, 1, 536),
    (1499, 2, 536),
    (1500, 3, 536),
    (1501, 1, 537),
    (1502, 2, 537),
    (1503, 3, 537),
    (1504, 1, 538),
    (1505, 2, 538),
    (1506, 3, 538),
    (1507, 1, 539),
    (1508, 2, 539),
    (1509, 3, 539),
    (1510, 1, 540),
    (1511, 2, 540),
    (1512, 3, 540),
    (1513, 1, 541),
    (1514, 2, 541),
    (1515, 3, 541),
    (1516, 1, 542),
    (1517, 2, 542),
    (1518, 3, 542),
    (1519, 1, 543),
    (1520, 2, 543),
    (1521, 3, 543),
    (1522, 1, 544),
    (1523, 2, 544),
    (1524, 3, 544),
    (1525, 1, 545),
    (1526, 2, 545),
    (1527, 3, 545),
    (1528, 1, 546),
    (1529, 2, 546),
    (1530, 3, 546),
    (1531, 1, 547),
    (1532, 2, 547),
    (1533, 3, 547),
    (1534, 1, 548),
    (1535, 2, 548),
    (1536, 3, 548),
    (1537, 1, 549),
    (1538, 2, 549),
    (1539, 3, 549),
    (1540, 1, 550),
    (1541, 2, 550),
    (1542, 3, 550),
    (1543, 1, 551),
    (1544, 2, 551),
    (1545, 3, 551),
    (1546, 1, 552),
    (1547, 2, 552),
    (1548, 3, 552),
    (1549, 1, 553),
    (1550, 2, 553),
    (1551, 3, 553),
    (1552, 1, 554),
    (1553, 2, 554),
    (1554, 3, 554),
    (1555, 1, 555),
    (1556, 2, 555),
    (1557, 3, 555),
    (1558, 1, 556),
    (1559, 2, 556),
    (1560, 3, 556),
    (1561, 1, 557),
    (1562, 2, 557),
    (1563, 3, 557),
    (1564, 1, 558),
    (1565, 2, 558),
    (1566, 3, 558),
    (1567, 1, 559),
    (1568, 2, 559),
    (1569, 3, 559),
    (1570, 1, 560),
    (1571, 2, 560),
    (1572, 3, 560),
    (1573, 1, 561),
    (1574, 2, 561),
    (1575, 3, 561),
    (1576, 1, 562),
    (1577, 2, 562),
    (1578, 3, 562),
    (1579, 1, 563),
    (1580, 2, 563),
    (1581, 3, 563),
    (1582, 1, 564),
    (1583, 2, 564),
    (1584, 3, 564),
    (1585, 1, 565),
    (1586, 2, 565),
    (1587, 3, 565),
    (1588, 1, 566),
    (1589, 2, 566),
    (1590, 3, 566),
    (1591, 1, 567),
    (1592, 2, 567),
    (1593, 3, 567),
    (1594, 1, 568),
    (1595, 2, 568),
    (1596, 3, 568),
    (1597, 1, 569),
    (1598, 2, 569),
    (1599, 3, 569),
    (1600, 1, 570);
INSERT INTO Sections (Id, [Index], ContainerId) VALUES
    (1601, 2, 570),
    (1602, 3, 570),
    (1603, 1, 571),
    (1604, 2, 571),
    (1605, 3, 571),
    (1606, 1, 572),
    (1607, 2, 572),
    (1608, 3, 572),
    (1609, 1, 573),
    (1610, 2, 573),
    (1611, 3, 573),
    (1612, 1, 574),
    (1613, 2, 574),
    (1614, 3, 574),
    (1615, 1, 575),
    (1616, 2, 575),
    (1617, 3, 575),
    (1618, 1, 576),
    (1619, 2, 576),
    (1620, 3, 576),
    (1621, 1, 577),
    (1622, 2, 577),
    (1623, 3, 577),
    (1624, 1, 578),
    (1625, 2, 578),
    (1626, 3, 578),
    (1627, 1, 579),
    (1628, 2, 579),
    (1629, 3, 579),
    (1630, 1, 580),
    (1631, 2, 580),
    (1632, 3, 580),
    (1633, 1, 581),
    (1634, 2, 581),
    (1635, 3, 581),
    (1636, 1, 582),
    (1637, 2, 582),
    (1638, 3, 582),
    (1639, 1, 583),
    (1640, 2, 583),
    (1641, 3, 583),
    (1642, 1, 584),
    (1643, 2, 584),
    (1644, 3, 584),
    (1645, 1, 585),
    (1646, 2, 585),
    (1647, 3, 585),
    (1648, 1, 586),
    (1649, 2, 586),
    (1650, 3, 586),
    (1651, 1, 587),
    (1652, 2, 587),
    (1653, 3, 587),
    (1654, 1, 588),
    (1655, 2, 588),
    (1656, 3, 588),
    (1657, 1, 589),
    (1658, 2, 589),
    (1659, 3, 589),
    (1660, 1, 590),
    (1661, 2, 590),
    (1662, 3, 590),
    (1663, 1, 591),
    (1664, 2, 591),
    (1665, 3, 591),
    (1666, 1, 592),
    (1667, 2, 592),
    (1668, 3, 592),
    (1669, 1, 593),
    (1670, 2, 593),
    (1671, 3, 593),
    (1672, 1, 594),
    (1673, 2, 594),
    (1674, 3, 594),
    (1675, 1, 595),
    (1676, 2, 595),
    (1677, 3, 595),
    (1678, 1, 596),
    (1679, 2, 596),
    (1680, 3, 596),
    (1681, 1, 597),
    (1682, 2, 597),
    (1683, 3, 597),
    (1684, 1, 598),
    (1685, 2, 598),
    (1686, 3, 598),
    (1687, 1, 599),
    (1688, 2, 599),
    (1689, 3, 599),
    (1690, 1, 600),
    (1691, 2, 600),
    (1692, 3, 600),
    (1693, 1, 601),
    (1694, 2, 601),
    (1695, 3, 601),
    (1696, 1, 602),
    (1697, 2, 602),
    (1698, 3, 602),
    (1699, 1, 603),
    (1700, 2, 603),
    (1701, 3, 603),
    (1702, 1, 604),
    (1703, 2, 604),
    (1704, 3, 604),
    (1705, 1, 605),
    (1706, 2, 605),
    (1707, 3, 605),
    (1708, 1, 606),
    (1709, 2, 606),
    (1710, 3, 606),
    (1711, 1, 607),
    (1712, 2, 607),
    (1713, 3, 607),
    (1714, 1, 608),
    (1715, 2, 608),
    (1716, 3, 608),
    (1717, 1, 609),
    (1718, 2, 609),
    (1719, 3, 609),
    (1720, 1, 610),
    (1721, 2, 610),
    (1722, 3, 610),
    (1723, 1, 611),
    (1724, 2, 611),
    (1725, 3, 611),
    (1726, 1, 612),
    (1727, 2, 612),
    (1728, 3, 612),
    (1729, 1, 613),
    (1730, 2, 613),
    (1731, 3, 613),
    (1732, 1, 614),
    (1733, 2, 614),
    (1734, 3, 614),
    (1735, 1, 615),
    (1736, 2, 615),
    (1737, 3, 615),
    (1738, 1, 616),
    (1739, 2, 616),
    (1740, 3, 616),
    (1741, 1, 617),
    (1742, 2, 617),
    (1743, 3, 617),
    (1744, 1, 618),
    (1745, 2, 618),
    (1746, 3, 618),
    (1747, 1, 619),
    (1748, 2, 619),
    (1749, 3, 619),
    (1750, 1, 620),
    (1751, 2, 620),
    (1752, 3, 620),
    (1753, 1, 621),
    (1754, 2, 621),
    (1755, 3, 621),
    (1756, 1, 622),
    (1757, 2, 622),
    (1758, 3, 622),
    (1759, 1, 623),
    (1760, 2, 623),
    (1761, 3, 623),
    (1762, 1, 624),
    (1763, 2, 624),
    (1764, 3, 624),
    (1765, 1, 625),
    (1766, 2, 625),
    (1767, 3, 625),
    (1768, 1, 626),
    (1769, 2, 626),
    (1770, 3, 626),
    (1771, 1, 627),
    (1772, 2, 627),
    (1773, 3, 627),
    (1774, 1, 628),
    (1775, 2, 628),
    (1776, 3, 628),
    (1777, 1, 629),
    (1778, 2, 629),
    (1779, 3, 629),
    (1780, 1, 630),
    (1781, 2, 630),
    (1782, 3, 630),
    (1783, 1, 631),
    (1784, 2, 631),
    (1785, 3, 631),
    (1786, 1, 632),
    (1787, 2, 632),
    (1788, 3, 632),
    (1789, 1, 633),
    (1790, 2, 633),
    (1791, 3, 633),
    (1792, 1, 634),
    (1793, 2, 634),
    (1794, 3, 634),
    (1795, 1, 635),
    (1796, 2, 635),
    (1797, 3, 635),
    (1798, 1, 636),
    (1799, 2, 636),
    (1800, 3, 636);
INSERT INTO Sections (Id, [Index], ContainerId) VALUES
    (1801, 1, 637),
    (1802, 2, 637),
    (1803, 3, 637),
    (1804, 1, 638),
    (1805, 2, 638),
    (1806, 3, 638),
    (1807, 1, 639),
    (1808, 2, 639),
    (1809, 3, 639),
    (1810, 1, 640),
    (1811, 2, 640),
    (1812, 3, 640),
    (1813, 1, 641),
    (1814, 2, 641),
    (1815, 3, 641),
    (1816, 1, 642),
    (1817, 2, 642),
    (1818, 3, 642),
    (1819, 1, 643),
    (1820, 2, 643),
    (1821, 3, 643),
    (1822, 1, 644),
    (1823, 2, 644),
    (1824, 3, 644),
    (1825, 1, 645),
    (1826, 2, 645),
    (1827, 3, 645),
    (1828, 1, 646),
    (1829, 2, 646),
    (1830, 3, 646),
    (1831, 1, 647),
    (1832, 2, 647),
    (1833, 3, 647),
    (1834, 1, 648),
    (1835, 2, 648),
    (1836, 3, 648),
    (1837, 1, 649),
    (1838, 2, 649),
    (1839, 3, 649),
    (1840, 1, 650),
    (1841, 2, 650),
    (1842, 3, 650),
    (1843, 1, 651),
    (1844, 2, 651),
    (1845, 3, 651),
    (1846, 1, 652),
    (1847, 2, 652),
    (1848, 3, 652),
    (1849, 1, 653),
    (1850, 2, 653),
    (1851, 3, 653),
    (1852, 1, 654),
    (1853, 2, 654),
    (1854, 3, 654),
    (1855, 1, 655),
    (1856, 2, 655),
    (1857, 3, 655),
    (1858, 1, 656),
    (1859, 2, 656),
    (1860, 3, 656),
    (1861, 1, 657),
    (1862, 2, 657),
    (1863, 3, 657),
    (1864, 1, 658),
    (1865, 2, 658),
    (1866, 3, 658),
    (1867, 1, 659),
    (1868, 2, 659),
    (1869, 3, 659),
    (1870, 1, 660),
    (1871, 2, 660),
    (1872, 3, 660),
    (1873, 1, 661),
    (1874, 2, 661),
    (1875, 3, 661),
    (1876, 1, 662),
    (1877, 2, 662),
    (1878, 3, 662),
    (1879, 1, 663),
    (1880, 2, 663),
    (1881, 3, 663),
    (1882, 1, 664),
    (1883, 2, 664),
    (1884, 3, 664),
    (1885, 1, 665),
    (1886, 2, 665),
    (1887, 3, 665),
    (1888, 1, 666),
    (1889, 2, 666),
    (1890, 3, 666),
    (1891, 1, 667),
    (1892, 2, 667),
    (1893, 3, 667),
    (1894, 1, 668),
    (1895, 2, 668),
    (1896, 3, 668),
    (1897, 1, 669),
    (1898, 2, 669),
    (1899, 3, 669),
    (1900, 1, 670),
    (1901, 2, 670),
    (1902, 3, 670),
    (1903, 1, 671),
    (1904, 2, 671),
    (1905, 3, 671),
    (1906, 1, 672),
    (1907, 2, 672),
    (1908, 3, 672),
    (1909, 1, 673),
    (1910, 2, 673),
    (1911, 3, 673),
    (1912, 1, 674),
    (1913, 2, 674),
    (1914, 3, 674),
    (1915, 1, 675),
    (1916, 2, 675),
    (1917, 3, 675),
    (1918, 1, 676),
    (1919, 2, 676),
    (1920, 3, 676),
    (1921, 1, 677),
    (1922, 2, 677),
    (1923, 3, 677),
    (1924, 1, 678),
    (1925, 2, 678),
    (1926, 3, 678),
    (1927, 1, 679),
    (1928, 2, 679),
    (1929, 3, 679),
    (1930, 1, 680),
    (1931, 2, 680),
    (1932, 3, 680),
    (1933, 1, 681),
    (1934, 2, 681),
    (1935, 3, 681),
    (1936, 1, 682),
    (1937, 2, 682),
    (1938, 3, 682),
    (1939, 1, 683),
    (1940, 2, 683),
    (1941, 3, 683),
    (1942, 1, 684),
    (1943, 2, 684),
    (1944, 3, 684),
    (1945, 1, 685),
    (1946, 2, 685),
    (1947, 3, 685),
    (1948, 1, 686),
    (1949, 2, 686),
    (1950, 3, 686),
    (1951, 1, 687),
    (1952, 2, 687),
    (1953, 3, 687),
    (1954, 1, 688),
    (1955, 2, 688),
    (1956, 3, 688),
    (1957, 1, 689),
    (1958, 2, 689),
    (1959, 3, 689),
    (1960, 1, 690),
    (1961, 2, 690),
    (1962, 3, 690),
    (1963, 1, 691),
    (1964, 2, 691),
    (1965, 3, 691),
    (1966, 1, 692),
    (1967, 2, 692),
    (1968, 3, 692),
    (1969, 1, 693),
    (1970, 2, 693),
    (1971, 3, 693),
    (1972, 1, 694),
    (1973, 2, 694),
    (1974, 3, 694),
    (1975, 1, 695),
    (1976, 2, 695),
    (1977, 3, 695),
    (1978, 1, 696),
    (1979, 2, 696),
    (1980, 3, 696),
    (1981, 1, 697),
    (1982, 2, 697),
    (1983, 3, 697),
    (1984, 1, 698),
    (1985, 2, 698),
    (1986, 3, 698),
    (1987, 1, 699),
    (1988, 2, 699),
    (1989, 3, 699),
    (1990, 1, 700),
    (1991, 2, 700),
    (1992, 3, 700),
    (1993, 1, 701),
    (1994, 2, 701),
    (1995, 3, 701),
    (1996, 1, 702),
    (1997, 2, 702),
    (1998, 3, 702),
    (1999, 1, 703),
    (2000, 1, 704);
INSERT INTO Sections (Id, [Index], ContainerId) VALUES
    (2001, 1, 705),
    (2002, 1, 706),
    (2003, 1, 707),
    (2004, 1, 708),
    (2005, 1, 709),
    (2006, 1, 710),
    (2007, 1, 711),
    (2008, 1, 712),
    (2009, 1, 713),
    (2010, 1, 714),
    (2011, 1, 715),
    (2012, 1, 716),
    (2013, 1, 717),
    (2014, 1, 718),
    (2015, 1, 719),
    (2016, 1, 720),
    (2017, 1, 721),
    (2018, 1, 722),
    (2019, 1, 723),
    (2020, 1, 724),
    (2021, 1, 725),
    (2022, 1, 726),
    (2023, 1, 727),
    (2024, 1, 728),
    (2025, 1, 729),
    (2026, 1, 730),
    (2027, 1, 731),
    (2028, 1, 732),
    (2029, 1, 733),
    (2030, 1, 734),
    (2031, 1, 735),
    (2032, 1, 736),
    (2033, 1, 737),
    (2034, 1, 738),
    (2035, 1, 739),
    (2036, 1, 740),
    (2037, 1, 741),
    (2038, 1, 742),
    (2039, 1, 743),
    (2040, 1, 744),
    (2041, 1, 745),
    (2042, 1, 746),
    (2043, 1, 747),
    (2044, 1, 748),
    (2045, 1, 749),
    (2046, 1, 750);

-- -------------------------------------------------------------
-- Lots
-- 2433 lots (unique LotId, ItemId 1-50)
-- -------------------------------------------------------------
INSERT INTO Lots (Id, ItemId) VALUES
    (1000, 26),
    (1001, 41),
    (1002, 41),
    (1003, 41),
    (1004, 14),
    (1005, 22),
    (1006, 47),
    (1007, 39),
    (1008, 10),
    (1009, 4),
    (1010, 4),
    (1011, 43),
    (1012, 29),
    (1013, 49),
    (1014, 28),
    (1015, 44),
    (1016, 43),
    (1017, 26),
    (1018, 26),
    (1019, 26),
    (1020, 20),
    (1021, 20),
    (1022, 20),
    (1023, 17),
    (1024, 1),
    (1025, 12),
    (1026, 46),
    (1027, 43),
    (1028, 43),
    (1029, 48),
    (1030, 30),
    (1031, 30),
    (1032, 30),
    (1033, 37),
    (1034, 27),
    (1035, 2),
    (1036, 2),
    (1037, 2),
    (1038, 45),
    (1039, 45),
    (1040, 45),
    (1041, 16),
    (1042, 34),
    (1043, 48),
    (1044, 50),
    (1045, 41),
    (1046, 13),
    (1047, 13),
    (1048, 13),
    (1049, 42),
    (1050, 42),
    (1051, 10),
    (1052, 39),
    (1053, 42),
    (1054, 41),
    (1055, 37),
    (1056, 37),
    (1057, 37),
    (1058, 37),
    (1059, 41),
    (1060, 5),
    (1061, 20),
    (1062, 20),
    (1063, 23),
    (1064, 30),
    (1065, 24),
    (1066, 24),
    (1067, 6),
    (1068, 6),
    (1069, 30),
    (1070, 3),
    (1071, 42),
    (1072, 31),
    (1073, 29),
    (1074, 46),
    (1075, 12),
    (1076, 29),
    (1077, 29),
    (1078, 29),
    (1079, 11),
    (1080, 25),
    (1081, 44),
    (1082, 42),
    (1083, 7),
    (1084, 19),
    (1085, 39),
    (1086, 39),
    (1087, 38),
    (1088, 38),
    (1089, 42),
    (1090, 42),
    (1091, 39),
    (1092, 39),
    (1093, 36),
    (1094, 9),
    (1095, 9),
    (1096, 34),
    (1097, 28),
    (1098, 24),
    (1099, 22),
    (1100, 22),
    (1101, 22),
    (1102, 9),
    (1103, 7),
    (1104, 48),
    (1105, 48),
    (1106, 22),
    (1107, 22),
    (1108, 39),
    (1109, 12),
    (1110, 12),
    (1111, 11),
    (1112, 11),
    (1113, 24),
    (1114, 24),
    (1115, 40),
    (1116, 29),
    (1117, 20),
    (1118, 20),
    (1119, 20),
    (1120, 44),
    (1121, 44),
    (1122, 44),
    (1123, 19),
    (1124, 19),
    (1125, 27),
    (1126, 27),
    (1127, 27),
    (1128, 17),
    (1129, 24),
    (1130, 46),
    (1131, 46),
    (1132, 6),
    (1133, 6),
    (1134, 33),
    (1135, 6),
    (1136, 6),
    (1137, 6),
    (1138, 2),
    (1139, 33),
    (1140, 6),
    (1141, 21),
    (1142, 21),
    (1143, 21),
    (1144, 10),
    (1145, 31),
    (1146, 31),
    (1147, 46),
    (1148, 1),
    (1149, 1),
    (1150, 1),
    (1151, 10),
    (1152, 39),
    (1153, 50),
    (1154, 8),
    (1155, 41),
    (1156, 41),
    (1157, 8),
    (1158, 8),
    (1159, 35),
    (1160, 37),
    (1161, 19),
    (1162, 23),
    (1163, 12),
    (1164, 12),
    (1165, 24),
    (1166, 35),
    (1167, 36),
    (1168, 3),
    (1169, 3),
    (1170, 48),
    (1171, 23),
    (1172, 41),
    (1173, 48),
    (1174, 48),
    (1175, 23),
    (1176, 12),
    (1177, 12),
    (1178, 45),
    (1179, 9),
    (1180, 30),
    (1181, 3),
    (1182, 3),
    (1183, 20),
    (1184, 31),
    (1185, 42),
    (1186, 50),
    (1187, 22),
    (1188, 28),
    (1189, 28),
    (1190, 25),
    (1191, 32),
    (1192, 32),
    (1193, 18),
    (1194, 18),
    (1195, 6),
    (1196, 35),
    (1197, 6),
    (1198, 20),
    (1199, 28);
INSERT INTO Lots (Id, ItemId) VALUES
    (1200, 23),
    (1201, 23),
    (1202, 23),
    (1203, 41),
    (1204, 41),
    (1205, 41),
    (1206, 41),
    (1207, 48),
    (1208, 48),
    (1209, 39),
    (1210, 39),
    (1211, 9),
    (1212, 42),
    (1213, 37),
    (1214, 44),
    (1215, 24),
    (1216, 37),
    (1217, 26),
    (1218, 16),
    (1219, 16),
    (1220, 16),
    (1221, 32),
    (1222, 8),
    (1223, 46),
    (1224, 19),
    (1225, 19),
    (1226, 8),
    (1227, 29),
    (1228, 29),
    (1229, 29),
    (1230, 29),
    (1231, 23),
    (1232, 23),
    (1233, 19),
    (1234, 19),
    (1235, 46),
    (1236, 46),
    (1237, 46),
    (1238, 33),
    (1239, 9),
    (1240, 2),
    (1241, 24),
    (1242, 9),
    (1243, 9),
    (1244, 20),
    (1245, 47),
    (1246, 50),
    (1247, 5),
    (1248, 42),
    (1249, 44),
    (1250, 50),
    (1251, 12),
    (1252, 12),
    (1253, 33),
    (1254, 33),
    (1255, 33),
    (1256, 10),
    (1257, 21),
    (1258, 21),
    (1259, 21),
    (1260, 19),
    (1261, 19),
    (1262, 41),
    (1263, 41),
    (1264, 41),
    (1265, 20),
    (1266, 20),
    (1267, 42),
    (1268, 10),
    (1269, 47),
    (1270, 47),
    (1271, 47),
    (1272, 2),
    (1273, 50),
    (1274, 14),
    (1275, 14),
    (1276, 41),
    (1277, 35),
    (1278, 31),
    (1279, 26),
    (1280, 45),
    (1281, 27),
    (1282, 22),
    (1283, 22),
    (1284, 21),
    (1285, 21),
    (1286, 9),
    (1287, 9),
    (1288, 7),
    (1289, 8),
    (1290, 10),
    (1291, 25),
    (1292, 25),
    (1293, 11),
    (1294, 11),
    (1295, 21),
    (1296, 32),
    (1297, 32),
    (1298, 32),
    (1299, 32),
    (1300, 33),
    (1301, 14),
    (1302, 4),
    (1303, 42),
    (1304, 42),
    (1305, 1),
    (1306, 1),
    (1307, 17),
    (1308, 17),
    (1309, 24),
    (1310, 37),
    (1311, 36),
    (1312, 33),
    (1313, 18),
    (1314, 18),
    (1315, 40),
    (1316, 26),
    (1317, 36),
    (1318, 36),
    (1319, 36),
    (1320, 39),
    (1321, 3),
    (1322, 46),
    (1323, 34),
    (1324, 33),
    (1325, 21),
    (1326, 48),
    (1327, 48),
    (1328, 33),
    (1329, 33),
    (1330, 46),
    (1331, 2),
    (1332, 8),
    (1333, 8),
    (1334, 8),
    (1335, 45),
    (1336, 45),
    (1337, 17),
    (1338, 17),
    (1339, 17),
    (1340, 15),
    (1341, 15),
    (1342, 11),
    (1343, 40),
    (1344, 40),
    (1345, 44),
    (1346, 45),
    (1347, 29),
    (1348, 27),
    (1349, 27),
    (1350, 50),
    (1351, 50),
    (1352, 47),
    (1353, 34),
    (1354, 43),
    (1355, 21),
    (1356, 21),
    (1357, 21),
    (1358, 35),
    (1359, 47),
    (1360, 47),
    (1361, 40),
    (1362, 18),
    (1363, 20),
    (1364, 20),
    (1365, 45),
    (1366, 45),
    (1367, 23),
    (1368, 18),
    (1369, 44),
    (1370, 23),
    (1371, 23),
    (1372, 23),
    (1373, 19),
    (1374, 19),
    (1375, 19),
    (1376, 42),
    (1377, 14),
    (1378, 18),
    (1379, 18),
    (1380, 18),
    (1381, 7),
    (1382, 7),
    (1383, 16),
    (1384, 15),
    (1385, 15),
    (1386, 27),
    (1387, 7),
    (1388, 7),
    (1389, 36),
    (1390, 36),
    (1391, 36),
    (1392, 31),
    (1393, 49),
    (1394, 49),
    (1395, 49),
    (1396, 4),
    (1397, 4),
    (1398, 4),
    (1399, 15);
INSERT INTO Lots (Id, ItemId) VALUES
    (1400, 3),
    (1401, 3),
    (1402, 3),
    (1403, 3),
    (1404, 3),
    (1405, 3),
    (1406, 48),
    (1407, 48),
    (1408, 48),
    (1409, 20),
    (1410, 22),
    (1411, 35),
    (1412, 33),
    (1413, 8),
    (1414, 30),
    (1415, 30),
    (1416, 1),
    (1417, 1),
    (1418, 44),
    (1419, 44),
    (1420, 41),
    (1421, 41),
    (1422, 21),
    (1423, 7),
    (1424, 31),
    (1425, 1),
    (1426, 29),
    (1427, 29),
    (1428, 38),
    (1429, 38),
    (1430, 42),
    (1431, 4),
    (1432, 4),
    (1433, 11),
    (1434, 46),
    (1435, 46),
    (1436, 41),
    (1437, 41),
    (1438, 41),
    (1439, 15),
    (1440, 31),
    (1441, 39),
    (1442, 36),
    (1443, 36),
    (1444, 36),
    (1445, 14),
    (1446, 14),
    (1447, 39),
    (1448, 39),
    (1449, 29),
    (1450, 5),
    (1451, 5),
    (1452, 5),
    (1453, 33),
    (1454, 10),
    (1455, 29),
    (1456, 46),
    (1457, 33),
    (1458, 30),
    (1459, 30),
    (1460, 30),
    (1461, 30),
    (1462, 2),
    (1463, 48),
    (1464, 3),
    (1465, 5),
    (1466, 5),
    (1467, 5),
    (1468, 5),
    (1469, 27),
    (1470, 50),
    (1471, 50),
    (1472, 27),
    (1473, 29),
    (1474, 29),
    (1475, 6),
    (1476, 6),
    (1477, 9),
    (1478, 9),
    (1479, 12),
    (1480, 12),
    (1481, 12),
    (1482, 47),
    (1483, 47),
    (1484, 47),
    (1485, 20),
    (1486, 35),
    (1487, 15),
    (1488, 10),
    (1489, 49),
    (1490, 27),
    (1491, 27),
    (1492, 14),
    (1493, 3),
    (1494, 46),
    (1495, 46),
    (1496, 3),
    (1497, 35),
    (1498, 4),
    (1499, 15),
    (1500, 15),
    (1501, 21),
    (1502, 44),
    (1503, 44),
    (1504, 10),
    (1505, 10),
    (1506, 10),
    (1507, 20),
    (1508, 38),
    (1509, 38),
    (1510, 44),
    (1511, 4),
    (1512, 4),
    (1513, 4),
    (1514, 34),
    (1515, 27),
    (1516, 12),
    (1517, 12),
    (1518, 15),
    (1519, 10),
    (1520, 10),
    (1521, 27),
    (1522, 27),
    (1523, 27),
    (1524, 25),
    (1525, 22),
    (1526, 22),
    (1527, 6),
    (1528, 4),
    (1529, 39),
    (1530, 39),
    (1531, 49),
    (1532, 36),
    (1533, 22),
    (1534, 14),
    (1535, 14),
    (1536, 14),
    (1537, 49),
    (1538, 45),
    (1539, 45),
    (1540, 16),
    (1541, 19),
    (1542, 42),
    (1543, 24),
    (1544, 30),
    (1545, 31),
    (1546, 31),
    (1547, 24),
    (1548, 37),
    (1549, 37),
    (1550, 2),
    (1551, 38),
    (1552, 38),
    (1553, 13),
    (1554, 37),
    (1555, 37),
    (1556, 42),
    (1557, 42),
    (1558, 42),
    (1559, 32),
    (1560, 32),
    (1561, 32),
    (1562, 30),
    (1563, 11),
    (1564, 32),
    (1565, 42),
    (1566, 42),
    (1567, 42),
    (1568, 43),
    (1569, 27),
    (1570, 15),
    (1571, 1),
    (1572, 24),
    (1573, 43),
    (1574, 43),
    (1575, 43),
    (1576, 2),
    (1577, 27),
    (1578, 47),
    (1579, 2),
    (1580, 44),
    (1581, 7),
    (1582, 7),
    (1583, 7),
    (1584, 13),
    (1585, 13),
    (1586, 18),
    (1587, 18),
    (1588, 26),
    (1589, 45),
    (1590, 6),
    (1591, 6),
    (1592, 3),
    (1593, 25),
    (1594, 41),
    (1595, 6),
    (1596, 42),
    (1597, 42),
    (1598, 34),
    (1599, 34);
INSERT INTO Lots (Id, ItemId) VALUES
    (1600, 34),
    (1601, 37),
    (1602, 5),
    (1603, 5),
    (1604, 37),
    (1605, 37),
    (1606, 2),
    (1607, 2),
    (1608, 2),
    (1609, 46),
    (1610, 46),
    (1611, 11),
    (1612, 25),
    (1613, 25),
    (1614, 25),
    (1615, 25),
    (1616, 47),
    (1617, 23),
    (1618, 15),
    (1619, 15),
    (1620, 50),
    (1621, 50),
    (1622, 50),
    (1623, 18),
    (1624, 18),
    (1625, 15),
    (1626, 28),
    (1627, 43),
    (1628, 40),
    (1629, 46),
    (1630, 10),
    (1631, 10),
    (1632, 10),
    (1633, 7),
    (1634, 29),
    (1635, 7),
    (1636, 28),
    (1637, 33),
    (1638, 6),
    (1639, 39),
    (1640, 25),
    (1641, 25),
    (1642, 25),
    (1643, 16),
    (1644, 44),
    (1645, 18),
    (1646, 10),
    (1647, 18),
    (1648, 5),
    (1649, 47),
    (1650, 47),
    (1651, 13),
    (1652, 20),
    (1653, 22),
    (1654, 22),
    (1655, 29),
    (1656, 39),
    (1657, 39),
    (1658, 39),
    (1659, 39),
    (1660, 12),
    (1661, 12),
    (1662, 12),
    (1663, 45),
    (1664, 45),
    (1665, 21),
    (1666, 24),
    (1667, 13),
    (1668, 12),
    (1669, 12),
    (1670, 47),
    (1671, 14),
    (1672, 45),
    (1673, 44),
    (1674, 20),
    (1675, 10),
    (1676, 10),
    (1677, 29),
    (1678, 29),
    (1679, 29),
    (1680, 35),
    (1681, 27),
    (1682, 45),
    (1683, 45),
    (1684, 41),
    (1685, 41),
    (1686, 41),
    (1687, 43),
    (1688, 43),
    (1689, 40),
    (1690, 44),
    (1691, 44),
    (1692, 28),
    (1693, 17),
    (1694, 34),
    (1695, 37),
    (1696, 26),
    (1697, 38),
    (1698, 38),
    (1699, 2),
    (1700, 27),
    (1701, 27),
    (1702, 27),
    (1703, 10),
    (1704, 30),
    (1705, 30),
    (1706, 23),
    (1707, 47),
    (1708, 47),
    (1709, 20),
    (1710, 8),
    (1711, 42),
    (1712, 48),
    (1713, 36),
    (1714, 28),
    (1715, 28),
    (1716, 28),
    (1717, 12),
    (1718, 28),
    (1719, 40),
    (1720, 40),
    (1721, 28),
    (1722, 14),
    (1723, 46),
    (1724, 46),
    (1725, 7),
    (1726, 7),
    (1727, 24),
    (1728, 8),
    (1729, 34),
    (1730, 34),
    (1731, 34),
    (1732, 40),
    (1733, 23),
    (1734, 40),
    (1735, 46),
    (1736, 46),
    (1737, 6),
    (1738, 6),
    (1739, 16),
    (1740, 24),
    (1741, 24),
    (1742, 27),
    (1743, 25),
    (1744, 41),
    (1745, 12),
    (1746, 19),
    (1747, 29),
    (1748, 29),
    (1749, 32),
    (1750, 36),
    (1751, 27),
    (1752, 27),
    (1753, 29),
    (1754, 37),
    (1755, 15),
    (1756, 15),
    (1757, 50),
    (1758, 50),
    (1759, 50),
    (1760, 8),
    (1761, 50),
    (1762, 35),
    (1763, 35),
    (1764, 47),
    (1765, 28),
    (1766, 49),
    (1767, 29),
    (1768, 29),
    (1769, 29),
    (1770, 16),
    (1771, 38),
    (1772, 38),
    (1773, 41),
    (1774, 9),
    (1775, 9),
    (1776, 37),
    (1777, 39),
    (1778, 46),
    (1779, 18),
    (1780, 18),
    (1781, 18),
    (1782, 9),
    (1783, 9),
    (1784, 9),
    (1785, 42),
    (1786, 16),
    (1787, 16),
    (1788, 16),
    (1789, 32),
    (1790, 18),
    (1791, 18),
    (1792, 5),
    (1793, 5),
    (1794, 26),
    (1795, 45),
    (1796, 45),
    (1797, 45),
    (1798, 21),
    (1799, 47);
INSERT INTO Lots (Id, ItemId) VALUES
    (1800, 41),
    (1801, 41),
    (1802, 35),
    (1803, 14),
    (1804, 19),
    (1805, 9),
    (1806, 22),
    (1807, 22),
    (1808, 3),
    (1809, 2),
    (1810, 29),
    (1811, 13),
    (1812, 13),
    (1813, 13),
    (1814, 11),
    (1815, 11),
    (1816, 42),
    (1817, 24),
    (1818, 24),
    (1819, 4),
    (1820, 47),
    (1821, 47),
    (1822, 42),
    (1823, 1),
    (1824, 9),
    (1825, 44),
    (1826, 45),
    (1827, 28),
    (1828, 28),
    (1829, 15),
    (1830, 7),
    (1831, 20),
    (1832, 49),
    (1833, 49),
    (1834, 10),
    (1835, 1),
    (1836, 1),
    (1837, 23),
    (1838, 23),
    (1839, 10),
    (1840, 10),
    (1841, 10),
    (1842, 14),
    (1843, 9),
    (1844, 9),
    (1845, 25),
    (1846, 21),
    (1847, 21),
    (1848, 42),
    (1849, 39),
    (1850, 39),
    (1851, 50),
    (1852, 50),
    (1853, 50),
    (1854, 14),
    (1855, 13),
    (1856, 13),
    (1857, 4),
    (1858, 4),
    (1859, 25),
    (1860, 41),
    (1861, 1),
    (1862, 1),
    (1863, 1),
    (1864, 37),
    (1865, 44),
    (1866, 50),
    (1867, 5),
    (1868, 3),
    (1869, 3),
    (1870, 3),
    (1871, 41),
    (1872, 41),
    (1873, 28),
    (1874, 28),
    (1875, 35),
    (1876, 18),
    (1877, 33),
    (1878, 33),
    (1879, 33),
    (1880, 26),
    (1881, 42),
    (1882, 42),
    (1883, 45),
    (1884, 4),
    (1885, 8),
    (1886, 4),
    (1887, 43),
    (1888, 43),
    (1889, 46),
    (1890, 11),
    (1891, 34),
    (1892, 17),
    (1893, 48),
    (1894, 48),
    (1895, 8),
    (1896, 8),
    (1897, 28),
    (1898, 17),
    (1899, 17),
    (1900, 5),
    (1901, 24),
    (1902, 11),
    (1903, 50),
    (1904, 44),
    (1905, 44),
    (1906, 33),
    (1907, 16),
    (1908, 25),
    (1909, 25),
    (1910, 25),
    (1911, 46),
    (1912, 46),
    (1913, 21),
    (1914, 21),
    (1915, 37),
    (1916, 44),
    (1917, 44),
    (1918, 44),
    (1919, 3),
    (1920, 3),
    (1921, 3),
    (1922, 50),
    (1923, 50),
    (1924, 36),
    (1925, 13),
    (1926, 48),
    (1927, 48),
    (1928, 38),
    (1929, 38),
    (1930, 38),
    (1931, 47),
    (1932, 47),
    (1933, 47),
    (1934, 1),
    (1935, 1),
    (1936, 1),
    (1937, 23),
    (1938, 23),
    (1939, 22),
    (1940, 25),
    (1941, 25),
    (1942, 7),
    (1943, 27),
    (1944, 10),
    (1945, 10),
    (1946, 15),
    (1947, 15),
    (1948, 45),
    (1949, 45),
    (1950, 6),
    (1951, 9),
    (1952, 9),
    (1953, 38),
    (1954, 43),
    (1955, 43),
    (1956, 43),
    (1957, 21),
    (1958, 21),
    (1959, 21),
    (1960, 21),
    (1961, 15),
    (1962, 9),
    (1963, 9),
    (1964, 10),
    (1965, 30),
    (1966, 35),
    (1967, 14),
    (1968, 17),
    (1969, 17),
    (1970, 44),
    (1971, 45),
    (1972, 45),
    (1973, 10),
    (1974, 23),
    (1975, 44),
    (1976, 2),
    (1977, 2),
    (1978, 2),
    (1979, 36),
    (1980, 7),
    (1981, 7),
    (1982, 1),
    (1983, 15),
    (1984, 24),
    (1985, 24),
    (1986, 38),
    (1987, 2),
    (1988, 2),
    (1989, 2),
    (1990, 9),
    (1991, 8),
    (1992, 4),
    (1993, 28),
    (1994, 28),
    (1995, 2),
    (1996, 12),
    (1997, 18),
    (1998, 3),
    (1999, 3);
INSERT INTO Lots (Id, ItemId) VALUES
    (2000, 42),
    (2001, 36),
    (2002, 18),
    (2003, 13),
    (2004, 13),
    (2005, 41),
    (2006, 41),
    (2007, 41),
    (2008, 46),
    (2009, 32),
    (2010, 33),
    (2011, 12),
    (2012, 15),
    (2013, 18),
    (2014, 34),
    (2015, 15),
    (2016, 15),
    (2017, 15),
    (2018, 16),
    (2019, 4),
    (2020, 4),
    (2021, 25),
    (2022, 12),
    (2023, 48),
    (2024, 48),
    (2025, 46),
    (2026, 46),
    (2027, 10),
    (2028, 32),
    (2029, 32),
    (2030, 15),
    (2031, 15),
    (2032, 31),
    (2033, 13),
    (2034, 13),
    (2035, 12),
    (2036, 12),
    (2037, 12),
    (2038, 10),
    (2039, 50),
    (2040, 24),
    (2041, 24),
    (2042, 24),
    (2043, 26),
    (2044, 20),
    (2045, 47),
    (2046, 47),
    (2047, 47),
    (2048, 21),
    (2049, 45),
    (2050, 45),
    (2051, 15),
    (2052, 15),
    (2053, 20),
    (2054, 20),
    (2055, 12),
    (2056, 12),
    (2057, 26),
    (2058, 26),
    (2059, 3),
    (2060, 40),
    (2061, 7),
    (2062, 7),
    (2063, 7),
    (2064, 5),
    (2065, 11),
    (2066, 11),
    (2067, 43),
    (2068, 43),
    (2069, 1),
    (2070, 45),
    (2071, 7),
    (2072, 7),
    (2073, 29),
    (2074, 29),
    (2075, 32),
    (2076, 32),
    (2077, 25),
    (2078, 37),
    (2079, 37),
    (2080, 11),
    (2081, 19),
    (2082, 7),
    (2083, 25),
    (2084, 36),
    (2085, 36),
    (2086, 36),
    (2087, 40),
    (2088, 40),
    (2089, 28),
    (2090, 28),
    (2091, 28),
    (2092, 11),
    (2093, 14),
    (2094, 14),
    (2095, 14),
    (2096, 47),
    (2097, 47),
    (2098, 47),
    (2099, 19),
    (2100, 4),
    (2101, 32),
    (2102, 1),
    (2103, 43),
    (2104, 43),
    (2105, 7),
    (2106, 41),
    (2107, 31),
    (2108, 31),
    (2109, 31),
    (2110, 17),
    (2111, 25),
    (2112, 24),
    (2113, 17),
    (2114, 15),
    (2115, 15),
    (2116, 10),
    (2117, 10),
    (2118, 6),
    (2119, 6),
    (2120, 49),
    (2121, 4),
    (2122, 4),
    (2123, 35),
    (2124, 35),
    (2125, 16),
    (2126, 26),
    (2127, 26),
    (2128, 26),
    (2129, 37),
    (2130, 37),
    (2131, 37),
    (2132, 10),
    (2133, 29),
    (2134, 14),
    (2135, 14),
    (2136, 28),
    (2137, 28),
    (2138, 10),
    (2139, 10),
    (2140, 47),
    (2141, 47),
    (2142, 47),
    (2143, 36),
    (2144, 18),
    (2145, 45),
    (2146, 45),
    (2147, 8),
    (2148, 37),
    (2149, 7),
    (2150, 7),
    (2151, 7),
    (2152, 19),
    (2153, 19),
    (2154, 17),
    (2155, 37),
    (2156, 37),
    (2157, 18),
    (2158, 39),
    (2159, 39),
    (2160, 26),
    (2161, 26),
    (2162, 16),
    (2163, 18),
    (2164, 18),
    (2165, 20),
    (2166, 45),
    (2167, 45),
    (2168, 20),
    (2169, 20),
    (2170, 20),
    (2171, 18),
    (2172, 18),
    (2173, 6),
    (2174, 27),
    (2175, 27),
    (2176, 24),
    (2177, 24),
    (2178, 5),
    (2179, 26),
    (2180, 37),
    (2181, 13),
    (2182, 13),
    (2183, 30),
    (2184, 46),
    (2185, 30),
    (2186, 8),
    (2187, 8),
    (2188, 32),
    (2189, 31),
    (2190, 23),
    (2191, 48),
    (2192, 48),
    (2193, 2),
    (2194, 37),
    (2195, 37),
    (2196, 42),
    (2197, 18),
    (2198, 18),
    (2199, 50);
INSERT INTO Lots (Id, ItemId) VALUES
    (2200, 50),
    (2201, 50),
    (2202, 9),
    (2203, 9),
    (2204, 15),
    (2205, 46),
    (2206, 46),
    (2207, 46),
    (2208, 25),
    (2209, 25),
    (2210, 14),
    (2211, 34),
    (2212, 34),
    (2213, 7),
    (2214, 24),
    (2215, 39),
    (2216, 7),
    (2217, 18),
    (2218, 18),
    (2219, 42),
    (2220, 42),
    (2221, 13),
    (2222, 16),
    (2223, 16),
    (2224, 43),
    (2225, 47),
    (2226, 19),
    (2227, 26),
    (2228, 38),
    (2229, 38),
    (2230, 22),
    (2231, 22),
    (2232, 35),
    (2233, 35),
    (2234, 23),
    (2235, 43),
    (2236, 43),
    (2237, 7),
    (2238, 17),
    (2239, 17),
    (2240, 12),
    (2241, 12),
    (2242, 12),
    (2243, 15),
    (2244, 20),
    (2245, 24),
    (2246, 30),
    (2247, 30),
    (2248, 41),
    (2249, 5),
    (2250, 33),
    (2251, 25),
    (2252, 4),
    (2253, 4),
    (2254, 13),
    (2255, 30),
    (2256, 12),
    (2257, 12),
    (2258, 41),
    (2259, 41),
    (2260, 41),
    (2261, 1),
    (2262, 49),
    (2263, 49),
    (2264, 11),
    (2265, 50),
    (2266, 28),
    (2267, 28),
    (2268, 31),
    (2269, 35),
    (2270, 1),
    (2271, 1),
    (2272, 13),
    (2273, 41),
    (2274, 41),
    (2275, 23),
    (2276, 25),
    (2277, 11),
    (2278, 20),
    (2279, 20),
    (2280, 20),
    (2281, 39),
    (2282, 44),
    (2283, 44),
    (2284, 44),
    (2285, 49),
    (2286, 2),
    (2287, 9),
    (2288, 38),
    (2289, 24),
    (2290, 24),
    (2291, 41),
    (2292, 40),
    (2293, 43),
    (2294, 4),
    (2295, 4),
    (2296, 25),
    (2297, 31),
    (2298, 31),
    (2299, 44),
    (2300, 44),
    (2301, 43),
    (2302, 18),
    (2303, 18),
    (2304, 27),
    (2305, 27),
    (2306, 47),
    (2307, 47),
    (2308, 7),
    (2309, 13),
    (2310, 13),
    (2311, 23),
    (2312, 23),
    (2313, 3),
    (2314, 45),
    (2315, 45),
    (2316, 45),
    (2317, 1),
    (2318, 1),
    (2319, 43),
    (2320, 50),
    (2321, 47),
    (2322, 42),
    (2323, 17),
    (2324, 12),
    (2325, 12),
    (2326, 44),
    (2327, 8),
    (2328, 3),
    (2329, 43),
    (2330, 43),
    (2331, 29),
    (2332, 29),
    (2333, 29),
    (2334, 24),
    (2335, 24),
    (2336, 26),
    (2337, 18),
    (2338, 18),
    (2339, 27),
    (2340, 27),
    (2341, 9),
    (2342, 9),
    (2343, 7),
    (2344, 31),
    (2345, 31),
    (2346, 12),
    (2347, 12),
    (2348, 40),
    (2349, 47),
    (2350, 47),
    (2351, 47),
    (2352, 8),
    (2353, 8),
    (2354, 5),
    (2355, 1),
    (2356, 1),
    (2357, 50),
    (2358, 50),
    (2359, 15),
    (2360, 15),
    (2361, 15),
    (2362, 34),
    (2363, 34),
    (2364, 28),
    (2365, 28),
    (2366, 23),
    (2367, 23),
    (2368, 10),
    (2369, 10),
    (2370, 4),
    (2371, 33),
    (2372, 33),
    (2373, 5),
    (2374, 5),
    (2375, 22),
    (2376, 22),
    (2377, 22),
    (2378, 36),
    (2379, 36),
    (2380, 6),
    (2381, 29),
    (2382, 29),
    (2383, 48),
    (2384, 48),
    (2385, 27),
    (2386, 1),
    (2387, 1),
    (2388, 41),
    (2389, 36),
    (2390, 30),
    (2391, 30),
    (2392, 30),
    (2393, 30),
    (2394, 40),
    (2395, 43),
    (2396, 8),
    (2397, 15),
    (2398, 41),
    (2399, 41);
INSERT INTO Lots (Id, ItemId) VALUES
    (2400, 41),
    (2401, 24),
    (2402, 24),
    (2403, 32),
    (2404, 48),
    (2405, 48),
    (2406, 40),
    (2407, 26),
    (2408, 46),
    (2409, 27),
    (2410, 44),
    (2411, 29),
    (2412, 33),
    (2413, 1),
    (2414, 36),
    (2415, 36),
    (2416, 36),
    (2417, 50),
    (2418, 50),
    (2419, 50),
    (2420, 12),
    (2421, 12),
    (2422, 25),
    (2423, 25),
    (2424, 33),
    (2425, 33),
    (2426, 45),
    (2427, 45),
    (2428, 22),
    (2429, 22),
    (2430, 22),
    (2431, 27),
    (2432, 27),
    (2433, 20),
    (2434, 20),
    (2435, 46),
    (2436, 46),
    (2437, 14),
    (2438, 46),
    (2439, 44),
    (2440, 42),
    (2441, 42),
    (2442, 42),
    (2443, 45),
    (2444, 45),
    (2445, 49),
    (2446, 38),
    (2447, 46),
    (2448, 35),
    (2449, 1),
    (2450, 25),
    (2451, 4),
    (2452, 11),
    (2453, 11),
    (2454, 11),
    (2455, 4),
    (2456, 4),
    (2457, 49),
    (2458, 29),
    (2459, 48),
    (2460, 48),
    (2461, 48),
    (2462, 33),
    (2463, 33),
    (2464, 45),
    (2465, 45),
    (2466, 27),
    (2467, 27),
    (2468, 27),
    (2469, 4),
    (2470, 13),
    (2471, 13),
    (2472, 15),
    (2473, 15),
    (2474, 15),
    (2475, 24),
    (2476, 24),
    (2477, 39),
    (2478, 13),
    (2479, 44),
    (2480, 48),
    (2481, 3),
    (2482, 17),
    (2483, 17),
    (2484, 46),
    (2485, 46),
    (2486, 46),
    (2487, 39),
    (2488, 40),
    (2489, 40),
    (2490, 37),
    (2491, 46),
    (2492, 12),
    (2493, 11),
    (2494, 26),
    (2495, 14),
    (2496, 14),
    (2497, 19),
    (2498, 40),
    (2499, 49),
    (2500, 49),
    (2501, 49),
    (2502, 23),
    (2503, 40),
    (2504, 40),
    (2505, 40),
    (2506, 21),
    (2507, 25),
    (2508, 19),
    (2509, 50),
    (2510, 29),
    (2511, 42),
    (2512, 6),
    (2513, 6),
    (2514, 6),
    (2515, 35),
    (2516, 14),
    (2517, 14),
    (2518, 44),
    (2519, 14),
    (2520, 48),
    (2521, 48),
    (2522, 48),
    (2523, 48),
    (2524, 46),
    (2525, 5),
    (2526, 36),
    (2527, 17),
    (2528, 41),
    (2529, 2),
    (2530, 35),
    (2531, 40),
    (2532, 38),
    (2533, 23),
    (2534, 23),
    (2535, 23),
    (2536, 20),
    (2537, 20),
    (2538, 29),
    (2539, 2),
    (2540, 15),
    (2541, 35),
    (2542, 10),
    (2543, 42),
    (2544, 36),
    (2545, 36),
    (2546, 3),
    (2547, 26),
    (2548, 20),
    (2549, 47),
    (2550, 42),
    (2551, 42),
    (2552, 12),
    (2553, 13),
    (2554, 37),
    (2555, 37),
    (2556, 30),
    (2557, 30),
    (2558, 43),
    (2559, 13),
    (2560, 13),
    (2561, 23),
    (2562, 16),
    (2563, 5),
    (2564, 5),
    (2565, 5),
    (2566, 22),
    (2567, 22),
    (2568, 38),
    (2569, 24),
    (2570, 24),
    (2571, 1),
    (2572, 46),
    (2573, 46),
    (2574, 24),
    (2575, 22),
    (2576, 22),
    (2577, 23),
    (2578, 23),
    (2579, 7),
    (2580, 6),
    (2581, 6),
    (2582, 13),
    (2583, 5),
    (2584, 5),
    (2585, 41),
    (2586, 38),
    (2587, 14),
    (2588, 14),
    (2589, 14),
    (2590, 35),
    (2591, 10),
    (2592, 50),
    (2593, 9),
    (2594, 6),
    (2595, 1),
    (2596, 1),
    (2597, 11),
    (2598, 11),
    (2599, 11);
INSERT INTO Lots (Id, ItemId) VALUES
    (2600, 43),
    (2601, 43),
    (2602, 47),
    (2603, 3),
    (2604, 15),
    (2605, 15),
    (2606, 34),
    (2607, 34),
    (2608, 34),
    (2609, 30),
    (2610, 30),
    (2611, 21),
    (2612, 41),
    (2613, 41),
    (2614, 38),
    (2615, 25),
    (2616, 25),
    (2617, 42),
    (2618, 42),
    (2619, 17),
    (2620, 34),
    (2621, 32),
    (2622, 32),
    (2623, 33),
    (2624, 33),
    (2625, 15),
    (2626, 18),
    (2627, 11),
    (2628, 8),
    (2629, 8),
    (2630, 47),
    (2631, 31),
    (2632, 11),
    (2633, 11),
    (2634, 16),
    (2635, 38),
    (2636, 33),
    (2637, 10),
    (2638, 12),
    (2639, 39),
    (2640, 39),
    (2641, 39),
    (2642, 47),
    (2643, 47),
    (2644, 14),
    (2645, 31),
    (2646, 39),
    (2647, 50),
    (2648, 33),
    (2649, 44),
    (2650, 39),
    (2651, 25),
    (2652, 2),
    (2653, 44),
    (2654, 39),
    (2655, 40),
    (2656, 33),
    (2657, 33),
    (2658, 43),
    (2659, 35),
    (2660, 35),
    (2661, 42),
    (2662, 24),
    (2663, 24),
    (2664, 28),
    (2665, 50),
    (2666, 48),
    (2667, 48),
    (2668, 48),
    (2669, 28),
    (2670, 50),
    (2671, 19),
    (2672, 27),
    (2673, 46),
    (2674, 46),
    (2675, 34),
    (2676, 25),
    (2677, 25),
    (2678, 27),
    (2679, 28),
    (2680, 28),
    (2681, 35),
    (2682, 40),
    (2683, 26),
    (2684, 26),
    (2685, 36),
    (2686, 36),
    (2687, 20),
    (2688, 46),
    (2689, 43),
    (2690, 29),
    (2691, 29),
    (2692, 14),
    (2693, 36),
    (2694, 36),
    (2695, 4),
    (2696, 1),
    (2697, 1),
    (2698, 39),
    (2699, 17),
    (2700, 39),
    (2701, 26),
    (2702, 26),
    (2703, 46),
    (2704, 46),
    (2705, 46),
    (2706, 41),
    (2707, 13),
    (2708, 13),
    (2709, 13),
    (2710, 33),
    (2711, 40),
    (2712, 24),
    (2713, 11),
    (2714, 50),
    (2715, 26),
    (2716, 34),
    (2717, 5),
    (2718, 5),
    (2719, 5),
    (2720, 36),
    (2721, 36),
    (2722, 36),
    (2723, 15),
    (2724, 15),
    (2725, 26),
    (2726, 12),
    (2727, 36),
    (2728, 22),
    (2729, 22),
    (2730, 22),
    (2731, 37),
    (2732, 25),
    (2733, 16),
    (2734, 16),
    (2735, 44),
    (2736, 2),
    (2737, 5),
    (2738, 44),
    (2739, 44),
    (2740, 23),
    (2741, 45),
    (2742, 45),
    (2743, 6),
    (2744, 22),
    (2745, 31),
    (2746, 37),
    (2747, 44),
    (2748, 44),
    (2749, 44),
    (2750, 13),
    (2751, 17),
    (2752, 16),
    (2753, 16),
    (2754, 50),
    (2755, 44),
    (2756, 44),
    (2757, 44),
    (2758, 49),
    (2759, 49),
    (2760, 24),
    (2761, 24),
    (2762, 18),
    (2763, 33),
    (2764, 49),
    (2765, 34),
    (2766, 34),
    (2767, 3),
    (2768, 44),
    (2769, 44),
    (2770, 45),
    (2771, 45),
    (2772, 14),
    (2773, 21),
    (2774, 12),
    (2775, 18),
    (2776, 22),
    (2777, 28),
    (2778, 49),
    (2779, 18),
    (2780, 9),
    (2781, 9),
    (2782, 9),
    (2783, 47),
    (2784, 36),
    (2785, 13),
    (2786, 10),
    (2787, 12),
    (2788, 41),
    (2789, 21),
    (2790, 21),
    (2791, 36),
    (2792, 36),
    (2793, 7),
    (2794, 7),
    (2795, 17),
    (2796, 7),
    (2797, 17),
    (2798, 36),
    (2799, 36);
INSERT INTO Lots (Id, ItemId) VALUES
    (2800, 36),
    (2801, 27),
    (2802, 39),
    (2803, 42),
    (2804, 42),
    (2805, 19),
    (2806, 33),
    (2807, 29),
    (2808, 29),
    (2809, 19),
    (2810, 11),
    (2811, 11),
    (2812, 41),
    (2813, 41),
    (2814, 6),
    (2815, 21),
    (2816, 46),
    (2817, 26),
    (2818, 50),
    (2819, 50),
    (2820, 38),
    (2821, 27),
    (2822, 9),
    (2823, 9),
    (2824, 48),
    (2825, 48),
    (2826, 11),
    (2827, 5),
    (2828, 5),
    (2829, 5),
    (2830, 2),
    (2831, 2),
    (2832, 6),
    (2833, 10),
    (2834, 20),
    (2835, 19),
    (2836, 9),
    (2837, 2),
    (2838, 21),
    (2839, 21),
    (2840, 18),
    (2841, 45),
    (2842, 39),
    (2843, 41),
    (2844, 41),
    (2845, 41),
    (2846, 41),
    (2847, 31),
    (2848, 29),
    (2849, 17),
    (2850, 1),
    (2851, 9),
    (2852, 35),
    (2853, 49),
    (2854, 50),
    (2855, 39),
    (2856, 36),
    (2857, 36),
    (2858, 11),
    (2859, 11),
    (2860, 25),
    (2861, 28),
    (2862, 28),
    (2863, 40),
    (2864, 40),
    (2865, 19),
    (2866, 19),
    (2867, 27),
    (2868, 12),
    (2869, 41),
    (2870, 18),
    (2871, 18),
    (2872, 21),
    (2873, 35),
    (2874, 19),
    (2875, 29),
    (2876, 29),
    (2877, 10),
    (2878, 22),
    (2879, 24),
    (2880, 22),
    (2881, 10),
    (2882, 26),
    (2883, 12),
    (2884, 25),
    (2885, 25),
    (2886, 46),
    (2887, 29),
    (2888, 13),
    (2889, 7),
    (2890, 31),
    (2891, 21),
    (2892, 3),
    (2893, 3),
    (2894, 8),
    (2895, 20),
    (2896, 43),
    (2897, 16),
    (2898, 16),
    (2899, 11),
    (2900, 11),
    (2901, 26),
    (2902, 26),
    (2903, 38),
    (2904, 38),
    (2905, 39),
    (2906, 6),
    (2907, 6),
    (2908, 6),
    (2909, 41),
    (2910, 42),
    (2911, 7),
    (2912, 21),
    (2913, 21),
    (2914, 21),
    (2915, 29),
    (2916, 29),
    (2917, 25),
    (2918, 17),
    (2919, 17),
    (2920, 29),
    (2921, 45),
    (2922, 12),
    (2923, 47),
    (2924, 36),
    (2925, 10),
    (2926, 35),
    (2927, 50),
    (2928, 50),
    (2929, 12),
    (2930, 12),
    (2931, 50),
    (2932, 50),
    (2933, 5),
    (2934, 5),
    (2935, 13),
    (2936, 50),
    (2937, 19),
    (2938, 21),
    (2939, 43),
    (2940, 12),
    (2941, 12),
    (2942, 32),
    (2943, 37),
    (2944, 37),
    (2945, 32),
    (2946, 38),
    (2947, 15),
    (2948, 15),
    (2949, 14),
    (2950, 14),
    (2951, 41),
    (2952, 48),
    (2953, 48),
    (2954, 48),
    (2955, 4),
    (2956, 4),
    (2957, 3),
    (2958, 3),
    (2959, 14),
    (2960, 14),
    (2961, 14),
    (2962, 15),
    (2963, 13),
    (2964, 37),
    (2965, 37),
    (2966, 48),
    (2967, 7),
    (2968, 7),
    (2969, 44),
    (2970, 28),
    (2971, 28),
    (2972, 36),
    (2973, 43),
    (2974, 29),
    (2975, 29),
    (2976, 29),
    (2977, 24),
    (2978, 28),
    (2979, 28),
    (2980, 16),
    (2981, 25),
    (2982, 25),
    (2983, 24),
    (2984, 24),
    (2985, 24),
    (2986, 47),
    (2987, 39),
    (2988, 20),
    (2989, 14),
    (2990, 14),
    (2991, 45),
    (2992, 45),
    (2993, 36),
    (2994, 10),
    (2995, 23),
    (2996, 24),
    (2997, 24),
    (2998, 17),
    (2999, 17);
INSERT INTO Lots (Id, ItemId) VALUES
    (3000, 26),
    (3001, 47),
    (3002, 31),
    (3003, 45),
    (3004, 39),
    (3005, 39),
    (3006, 37),
    (3007, 4),
    (3008, 4),
    (3009, 4),
    (3010, 27),
    (3011, 27),
    (3012, 27),
    (3013, 48),
    (3014, 48),
    (3015, 41),
    (3016, 41),
    (3017, 20),
    (3018, 35),
    (3019, 33),
    (3020, 33),
    (3021, 44),
    (3022, 44),
    (3023, 49),
    (3024, 6),
    (3025, 26),
    (3026, 6),
    (3027, 4),
    (3028, 6),
    (3029, 50),
    (3030, 50),
    (3031, 31),
    (3032, 26),
    (3033, 26),
    (3034, 40),
    (3035, 40),
    (3036, 40),
    (3037, 5),
    (3038, 21),
    (3039, 21),
    (3040, 8),
    (3041, 8),
    (3042, 23),
    (3043, 39),
    (3044, 39),
    (3045, 11),
    (3046, 11),
    (3047, 11),
    (3048, 10),
    (3049, 13),
    (3050, 13),
    (3051, 47),
    (3052, 47),
    (3053, 4),
    (3054, 10),
    (3055, 10),
    (3056, 22),
    (3057, 22),
    (3058, 29),
    (3059, 14),
    (3060, 14),
    (3061, 35),
    (3062, 36),
    (3063, 10),
    (3064, 10),
    (3065, 25),
    (3066, 34),
    (3067, 4),
    (3068, 40),
    (3069, 42),
    (3070, 42),
    (3071, 42),
    (3072, 18),
    (3073, 18),
    (3074, 7),
    (3075, 25),
    (3076, 33),
    (3077, 33),
    (3078, 33),
    (3079, 39),
    (3080, 13),
    (3081, 36),
    (3082, 36),
    (3083, 36),
    (3084, 34),
    (3085, 26),
    (3086, 26),
    (3087, 44),
    (3088, 20),
    (3089, 18),
    (3090, 18),
    (3091, 25),
    (3092, 25),
    (3093, 18),
    (3094, 26),
    (3095, 26),
    (3096, 25),
    (3097, 40),
    (3098, 40),
    (3099, 27),
    (3100, 28),
    (3101, 28),
    (3102, 28),
    (3103, 35),
    (3104, 9),
    (3105, 13),
    (3106, 13),
    (3107, 46),
    (3108, 46),
    (3109, 50),
    (3110, 11),
    (3111, 35),
    (3112, 35),
    (3113, 35),
    (3114, 10),
    (3115, 10),
    (3116, 27),
    (3117, 27),
    (3118, 27),
    (3119, 41),
    (3120, 41),
    (3121, 41),
    (3122, 13),
    (3123, 2),
    (3124, 2),
    (3125, 18),
    (3126, 18),
    (3127, 39),
    (3128, 2),
    (3129, 50),
    (3130, 39),
    (3131, 24),
    (3132, 32),
    (3133, 13),
    (3134, 49),
    (3135, 49),
    (3136, 49),
    (3137, 48),
    (3138, 48),
    (3139, 14),
    (3140, 40),
    (3141, 30),
    (3142, 30),
    (3143, 50),
    (3144, 25),
    (3145, 25),
    (3146, 48),
    (3147, 34),
    (3148, 34),
    (3149, 34),
    (3150, 3),
    (3151, 3),
    (3152, 35),
    (3153, 3),
    (3154, 49),
    (3155, 49),
    (3156, 19),
    (3157, 50),
    (3158, 50),
    (3159, 28),
    (3160, 45),
    (3161, 30),
    (3162, 30),
    (3163, 47),
    (3164, 50),
    (3165, 35),
    (3166, 21),
    (3167, 30),
    (3168, 13),
    (3169, 13),
    (3170, 21),
    (3171, 21),
    (3172, 46),
    (3173, 46),
    (3174, 46),
    (3175, 6),
    (3176, 47),
    (3177, 47),
    (3178, 11),
    (3179, 3),
    (3180, 3),
    (3181, 43),
    (3182, 43),
    (3183, 12),
    (3184, 12),
    (3185, 20),
    (3186, 29),
    (3187, 8),
    (3188, 8),
    (3189, 40),
    (3190, 40),
    (3191, 32),
    (3192, 32),
    (3193, 39),
    (3194, 39),
    (3195, 38),
    (3196, 38),
    (3197, 29),
    (3198, 1),
    (3199, 18);
INSERT INTO Lots (Id, ItemId) VALUES
    (3200, 18),
    (3201, 4),
    (3202, 42),
    (3203, 3),
    (3204, 3),
    (3205, 22),
    (3206, 22),
    (3207, 22),
    (3208, 12),
    (3209, 40),
    (3210, 40),
    (3211, 37),
    (3212, 37),
    (3213, 48),
    (3214, 6),
    (3215, 6),
    (3216, 25),
    (3217, 25),
    (3218, 36),
    (3219, 9),
    (3220, 22),
    (3221, 14),
    (3222, 14),
    (3223, 7),
    (3224, 34),
    (3225, 34),
    (3226, 34),
    (3227, 39),
    (3228, 39),
    (3229, 39),
    (3230, 39),
    (3231, 39),
    (3232, 37),
    (3233, 37),
    (3234, 37),
    (3235, 37),
    (3236, 41),
    (3237, 40),
    (3238, 13),
    (3239, 30),
    (3240, 30),
    (3241, 14),
    (3242, 14),
    (3243, 3),
    (3244, 41),
    (3245, 13),
    (3246, 13),
    (3247, 20),
    (3248, 21),
    (3249, 21),
    (3250, 22),
    (3251, 37),
    (3252, 37),
    (3253, 13),
    (3254, 44),
    (3255, 3),
    (3256, 3),
    (3257, 41),
    (3258, 22),
    (3259, 48),
    (3260, 20),
    (3261, 21),
    (3262, 14),
    (3263, 23),
    (3264, 18),
    (3265, 18),
    (3266, 41),
    (3267, 37),
    (3268, 37),
    (3269, 8),
    (3270, 8),
    (3271, 46),
    (3272, 46),
    (3273, 18),
    (3274, 16),
    (3275, 14),
    (3276, 8),
    (3277, 50),
    (3278, 29),
    (3279, 33),
    (3280, 31),
    (3281, 31),
    (3282, 50),
    (3283, 7),
    (3284, 7),
    (3285, 9),
    (3286, 30),
    (3287, 8),
    (3288, 44),
    (3289, 44),
    (3290, 30),
    (3291, 30),
    (3292, 50),
    (3293, 50),
    (3294, 37),
    (3295, 37),
    (3296, 21),
    (3297, 18),
    (3298, 29),
    (3299, 29),
    (3300, 11),
    (3301, 40),
    (3302, 14),
    (3303, 21),
    (3304, 19),
    (3305, 5),
    (3306, 35),
    (3307, 2),
    (3308, 4),
    (3309, 6),
    (3310, 46),
    (3311, 41),
    (3312, 41),
    (3313, 40),
    (3314, 13),
    (3315, 13),
    (3316, 6),
    (3317, 6),
    (3318, 6),
    (3319, 37),
    (3320, 30),
    (3321, 44),
    (3322, 44),
    (3323, 31),
    (3324, 10),
    (3325, 10),
    (3326, 24),
    (3327, 43),
    (3328, 30),
    (3329, 31),
    (3330, 30),
    (3331, 30),
    (3332, 23),
    (3333, 23),
    (3334, 7),
    (3335, 7),
    (3336, 5),
    (3337, 5),
    (3338, 26),
    (3339, 40),
    (3340, 31),
    (3341, 14),
    (3342, 14),
    (3343, 28),
    (3344, 35),
    (3345, 35),
    (3346, 43),
    (3347, 37),
    (3348, 37),
    (3349, 39),
    (3350, 7),
    (3351, 7),
    (3352, 26),
    (3353, 44),
    (3354, 44),
    (3355, 21),
    (3356, 4),
    (3357, 38),
    (3358, 38),
    (3359, 38),
    (3360, 10),
    (3361, 10),
    (3362, 19),
    (3363, 29),
    (3364, 21),
    (3365, 20),
    (3366, 20),
    (3367, 20),
    (3368, 6),
    (3369, 33),
    (3370, 19),
    (3371, 4),
    (3372, 23),
    (3373, 2),
    (3374, 38),
    (3375, 46),
    (3376, 28),
    (3377, 12),
    (3378, 36),
    (3379, 27),
    (3380, 9),
    (3381, 42),
    (3382, 32),
    (3383, 32),
    (3384, 9),
    (3385, 9),
    (3386, 45),
    (3387, 45),
    (3388, 12),
    (3389, 36),
    (3390, 36),
    (3391, 15),
    (3392, 1),
    (3393, 16),
    (3394, 16),
    (3395, 35),
    (3396, 3),
    (3397, 24),
    (3398, 45),
    (3399, 47);
INSERT INTO Lots (Id, ItemId) VALUES
    (3400, 50),
    (3401, 6),
    (3402, 6),
    (3403, 48),
    (3404, 48),
    (3405, 44),
    (3406, 44),
    (3407, 40),
    (3408, 35),
    (3409, 35),
    (3410, 33),
    (3411, 33),
    (3412, 33),
    (3413, 27),
    (3414, 19),
    (3415, 39),
    (3416, 39),
    (3417, 17),
    (3418, 38),
    (3419, 43),
    (3420, 43),
    (3421, 43),
    (3422, 19),
    (3423, 33),
    (3424, 17),
    (3425, 18),
    (3426, 18),
    (3427, 8),
    (3428, 8),
    (3429, 10),
    (3430, 10),
    (3431, 17),
    (3432, 17);

-- -------------------------------------------------------------
-- LotSections
-- 2433 entries; 80% of sections filled
-- All lots within a section share the same ItemId
-- -------------------------------------------------------------
INSERT INTO LotSections (LotId, SectionId, Quantity) VALUES
    (1000, 1, 95),
    (1001, 2, 12),
    (1002, 2, 96),
    (1003, 2, 68),
    (1004, 3, 59),
    (1005, 4, 40),
    (1006, 5, 73),
    (1007, 6, 7),
    (1008, 7, 80),
    (1009, 8, 35),
    (1010, 8, 57),
    (1011, 9, 78),
    (1012, 10, 28),
    (1013, 12, 45),
    (1014, 13, 87),
    (1015, 14, 68),
    (1016, 15, 29),
    (1017, 16, 8),
    (1018, 16, 1),
    (1019, 16, 27),
    (1020, 17, 99),
    (1021, 17, 18),
    (1022, 17, 98),
    (1023, 20, 16),
    (1024, 21, 56),
    (1025, 22, 69),
    (1026, 23, 72),
    (1027, 24, 10),
    (1028, 24, 51),
    (1029, 26, 3),
    (1030, 27, 41),
    (1031, 27, 74),
    (1032, 27, 55),
    (1033, 29, 82),
    (1034, 30, 52),
    (1035, 31, 22),
    (1036, 31, 80),
    (1037, 31, 59),
    (1038, 32, 12),
    (1039, 32, 56),
    (1040, 32, 14),
    (1041, 34, 52),
    (1042, 35, 40),
    (1043, 36, 43),
    (1044, 37, 66),
    (1045, 38, 66),
    (1046, 39, 45),
    (1047, 39, 45),
    (1048, 39, 94),
    (1049, 40, 31),
    (1050, 40, 14),
    (1051, 41, 23),
    (1052, 42, 98),
    (1053, 44, 99),
    (1054, 45, 97),
    (1055, 47, 58),
    (1056, 47, 88),
    (1057, 48, 80),
    (1058, 48, 42),
    (1059, 49, 57),
    (1060, 50, 81),
    (1061, 51, 76),
    (1062, 51, 8),
    (1063, 52, 40),
    (1064, 53, 8),
    (1065, 54, 10),
    (1066, 54, 83),
    (1067, 55, 65),
    (1068, 55, 50),
    (1069, 56, 95),
    (1070, 57, 74),
    (1071, 58, 78),
    (1072, 59, 8),
    (1073, 60, 44),
    (1074, 62, 83),
    (1075, 63, 91),
    (1076, 64, 68),
    (1077, 64, 67),
    (1078, 64, 79),
    (1079, 65, 37),
    (1080, 66, 44),
    (1081, 67, 81),
    (1082, 68, 43),
    (1083, 71, 50),
    (1084, 72, 85),
    (1085, 74, 43),
    (1086, 74, 11),
    (1087, 76, 45),
    (1088, 76, 40),
    (1089, 77, 51),
    (1090, 77, 17),
    (1091, 78, 11),
    (1092, 78, 40),
    (1093, 79, 43),
    (1094, 80, 95),
    (1095, 80, 88),
    (1096, 81, 86),
    (1097, 82, 3),
    (1098, 83, 28),
    (1099, 85, 63),
    (1100, 85, 25),
    (1101, 85, 29),
    (1102, 86, 38),
    (1103, 89, 70),
    (1104, 91, 5),
    (1105, 91, 85),
    (1106, 93, 80),
    (1107, 93, 17),
    (1108, 94, 21),
    (1109, 95, 99),
    (1110, 95, 80),
    (1111, 96, 6),
    (1112, 96, 53),
    (1113, 97, 31),
    (1114, 97, 57),
    (1115, 100, 96),
    (1116, 101, 31),
    (1117, 102, 61),
    (1118, 102, 25),
    (1119, 102, 48),
    (1120, 103, 57),
    (1121, 103, 60),
    (1122, 103, 99),
    (1123, 104, 65),
    (1124, 104, 68),
    (1125, 105, 26),
    (1126, 105, 78),
    (1127, 105, 18),
    (1128, 106, 62),
    (1129, 107, 14),
    (1130, 108, 16),
    (1131, 108, 37),
    (1132, 109, 35),
    (1133, 109, 58),
    (1134, 110, 56),
    (1135, 111, 29),
    (1136, 111, 58),
    (1137, 111, 45),
    (1138, 112, 51),
    (1139, 113, 50),
    (1140, 115, 4),
    (1141, 116, 92),
    (1142, 116, 84),
    (1143, 116, 43),
    (1144, 117, 37),
    (1145, 118, 18),
    (1146, 118, 98),
    (1147, 119, 79),
    (1148, 120, 3),
    (1149, 120, 33),
    (1150, 120, 28),
    (1151, 121, 94),
    (1152, 123, 15),
    (1153, 124, 39),
    (1154, 125, 54),
    (1155, 126, 59),
    (1156, 126, 9),
    (1157, 127, 64),
    (1158, 127, 77),
    (1159, 128, 66),
    (1160, 129, 19),
    (1161, 130, 79),
    (1162, 131, 54),
    (1163, 132, 11),
    (1164, 132, 68),
    (1165, 134, 68),
    (1166, 135, 65),
    (1167, 136, 61),
    (1168, 137, 48),
    (1169, 137, 33),
    (1170, 139, 9),
    (1171, 140, 85),
    (1172, 141, 75),
    (1173, 142, 18),
    (1174, 142, 6),
    (1175, 143, 83),
    (1176, 144, 88),
    (1177, 144, 60),
    (1178, 145, 24),
    (1179, 146, 100),
    (1180, 147, 26),
    (1181, 148, 6),
    (1182, 148, 41),
    (1183, 149, 70),
    (1184, 150, 97),
    (1185, 151, 46),
    (1186, 152, 84),
    (1187, 153, 48),
    (1188, 154, 96),
    (1189, 154, 57),
    (1190, 155, 24),
    (1191, 156, 48),
    (1192, 156, 67),
    (1193, 158, 94),
    (1194, 158, 55),
    (1195, 159, 24),
    (1196, 160, 14),
    (1197, 161, 38),
    (1198, 162, 92),
    (1199, 163, 57);
INSERT INTO LotSections (LotId, SectionId, Quantity) VALUES
    (1200, 164, 94),
    (1201, 165, 56),
    (1202, 165, 36),
    (1203, 166, 8),
    (1204, 166, 10),
    (1205, 166, 86),
    (1206, 167, 66),
    (1207, 168, 4),
    (1208, 168, 19),
    (1209, 169, 57),
    (1210, 169, 5),
    (1211, 171, 100),
    (1212, 172, 50),
    (1213, 174, 20),
    (1214, 175, 48),
    (1215, 176, 10),
    (1216, 178, 47),
    (1217, 179, 36),
    (1218, 180, 4),
    (1219, 180, 95),
    (1220, 180, 24),
    (1221, 181, 72),
    (1222, 182, 34),
    (1223, 185, 79),
    (1224, 186, 63),
    (1225, 186, 26),
    (1226, 187, 10),
    (1227, 189, 92),
    (1228, 190, 88),
    (1229, 190, 41),
    (1230, 190, 86),
    (1231, 191, 71),
    (1232, 191, 70),
    (1233, 192, 21),
    (1234, 192, 92),
    (1235, 193, 82),
    (1236, 193, 23),
    (1237, 193, 47),
    (1238, 194, 26),
    (1239, 195, 64),
    (1240, 196, 74),
    (1241, 199, 71),
    (1242, 201, 12),
    (1243, 201, 9),
    (1244, 202, 92),
    (1245, 204, 53),
    (1246, 205, 74),
    (1247, 206, 41),
    (1248, 207, 60),
    (1249, 209, 17),
    (1250, 210, 76),
    (1251, 211, 17),
    (1252, 211, 56),
    (1253, 212, 8),
    (1254, 212, 16),
    (1255, 212, 67),
    (1256, 213, 21),
    (1257, 217, 29),
    (1258, 217, 45),
    (1259, 217, 67),
    (1260, 218, 33),
    (1261, 218, 26),
    (1262, 219, 36),
    (1263, 219, 17),
    (1264, 219, 81),
    (1265, 220, 12),
    (1266, 220, 65),
    (1267, 221, 75),
    (1268, 222, 80),
    (1269, 223, 44),
    (1270, 223, 73),
    (1271, 223, 6),
    (1272, 224, 83),
    (1273, 225, 84),
    (1274, 227, 54),
    (1275, 227, 80),
    (1276, 229, 81),
    (1277, 230, 39),
    (1278, 231, 88),
    (1279, 232, 10),
    (1280, 233, 57),
    (1281, 234, 27),
    (1282, 235, 41),
    (1283, 235, 92),
    (1284, 236, 45),
    (1285, 236, 52),
    (1286, 237, 66),
    (1287, 237, 72),
    (1288, 238, 60),
    (1289, 239, 32),
    (1290, 240, 38),
    (1291, 241, 54),
    (1292, 241, 32),
    (1293, 242, 74),
    (1294, 242, 93),
    (1295, 243, 21),
    (1296, 244, 60),
    (1297, 244, 64),
    (1298, 244, 40),
    (1299, 245, 51),
    (1300, 246, 31),
    (1301, 247, 7),
    (1302, 248, 77),
    (1303, 249, 37),
    (1304, 249, 69),
    (1305, 250, 56),
    (1306, 250, 18),
    (1307, 251, 98),
    (1308, 251, 52),
    (1309, 255, 7),
    (1310, 256, 47),
    (1311, 257, 50),
    (1312, 258, 71),
    (1313, 259, 80),
    (1314, 259, 88),
    (1315, 260, 13),
    (1316, 261, 44),
    (1317, 262, 97),
    (1318, 262, 19),
    (1319, 262, 26),
    (1320, 263, 65),
    (1321, 264, 18),
    (1322, 268, 61),
    (1323, 269, 78),
    (1324, 271, 79),
    (1325, 272, 79),
    (1326, 274, 76),
    (1327, 274, 44),
    (1328, 276, 69),
    (1329, 276, 63),
    (1330, 278, 61),
    (1331, 280, 87),
    (1332, 282, 75),
    (1333, 282, 40),
    (1334, 282, 93),
    (1335, 283, 77),
    (1336, 283, 61),
    (1337, 284, 100),
    (1338, 284, 75),
    (1339, 284, 74),
    (1340, 285, 75),
    (1341, 285, 62),
    (1342, 286, 93),
    (1343, 287, 49),
    (1344, 287, 19),
    (1345, 288, 74),
    (1346, 290, 3),
    (1347, 292, 20),
    (1348, 293, 53),
    (1349, 293, 65),
    (1350, 294, 61),
    (1351, 294, 95),
    (1352, 295, 18),
    (1353, 296, 42),
    (1354, 299, 49),
    (1355, 301, 59),
    (1356, 301, 69),
    (1357, 301, 44),
    (1358, 302, 99),
    (1359, 303, 89),
    (1360, 303, 34),
    (1361, 304, 32),
    (1362, 306, 29),
    (1363, 307, 91),
    (1364, 307, 27),
    (1365, 308, 41),
    (1366, 308, 62),
    (1367, 309, 93),
    (1368, 310, 74),
    (1369, 311, 51),
    (1370, 312, 19),
    (1371, 312, 38),
    (1372, 312, 6),
    (1373, 313, 11),
    (1374, 313, 45),
    (1375, 313, 57),
    (1376, 314, 62),
    (1377, 315, 69),
    (1378, 317, 90),
    (1379, 317, 35),
    (1380, 317, 18),
    (1381, 318, 76),
    (1382, 318, 31),
    (1383, 319, 68),
    (1384, 321, 7),
    (1385, 321, 13),
    (1386, 322, 61),
    (1387, 323, 18),
    (1388, 323, 1),
    (1389, 324, 21),
    (1390, 324, 53),
    (1391, 324, 84),
    (1392, 325, 26),
    (1393, 326, 42),
    (1394, 326, 37),
    (1395, 326, 83),
    (1396, 327, 12),
    (1397, 327, 84),
    (1398, 327, 74),
    (1399, 328, 93);
INSERT INTO LotSections (LotId, SectionId, Quantity) VALUES
    (1400, 329, 23),
    (1401, 329, 54),
    (1402, 329, 23),
    (1403, 330, 51),
    (1404, 330, 64),
    (1405, 330, 24),
    (1406, 331, 38),
    (1407, 331, 5),
    (1408, 331, 2),
    (1409, 332, 14),
    (1410, 333, 83),
    (1411, 334, 18),
    (1412, 335, 25),
    (1413, 336, 94),
    (1414, 337, 92),
    (1415, 337, 24),
    (1416, 338, 38),
    (1417, 338, 73),
    (1418, 339, 23),
    (1419, 339, 79),
    (1420, 340, 55),
    (1421, 340, 66),
    (1422, 341, 86),
    (1423, 342, 18),
    (1424, 344, 32),
    (1425, 346, 31),
    (1426, 347, 43),
    (1427, 347, 39),
    (1428, 348, 2),
    (1429, 348, 34),
    (1430, 349, 31),
    (1431, 351, 60),
    (1432, 351, 40),
    (1433, 352, 65),
    (1434, 354, 89),
    (1435, 354, 16),
    (1436, 356, 38),
    (1437, 356, 48),
    (1438, 356, 79),
    (1439, 357, 18),
    (1440, 360, 96),
    (1441, 361, 90),
    (1442, 363, 97),
    (1443, 363, 69),
    (1444, 363, 86),
    (1445, 366, 88),
    (1446, 366, 97),
    (1447, 367, 11),
    (1448, 367, 68),
    (1449, 368, 47),
    (1450, 370, 15),
    (1451, 370, 8),
    (1452, 370, 71),
    (1453, 371, 69),
    (1454, 372, 67),
    (1455, 373, 27),
    (1456, 374, 12),
    (1457, 375, 8),
    (1458, 376, 54),
    (1459, 377, 72),
    (1460, 378, 40),
    (1461, 378, 93),
    (1462, 379, 1),
    (1463, 380, 10),
    (1464, 381, 90),
    (1465, 382, 8),
    (1466, 384, 61),
    (1467, 384, 5),
    (1468, 384, 37),
    (1469, 385, 18),
    (1470, 387, 94),
    (1471, 387, 83),
    (1472, 389, 49),
    (1473, 390, 49),
    (1474, 390, 49),
    (1475, 391, 85),
    (1476, 391, 70),
    (1477, 392, 45),
    (1478, 392, 16),
    (1479, 393, 51),
    (1480, 393, 68),
    (1481, 393, 17),
    (1482, 394, 1),
    (1483, 394, 97),
    (1484, 394, 3),
    (1485, 395, 93),
    (1486, 396, 49),
    (1487, 398, 45),
    (1488, 399, 93),
    (1489, 404, 85),
    (1490, 405, 3),
    (1491, 405, 31),
    (1492, 406, 77),
    (1493, 407, 87),
    (1494, 408, 32),
    (1495, 408, 95),
    (1496, 409, 30),
    (1497, 411, 100),
    (1498, 412, 38),
    (1499, 414, 94),
    (1500, 414, 74),
    (1501, 416, 99),
    (1502, 417, 31),
    (1503, 417, 39),
    (1504, 418, 67),
    (1505, 418, 29),
    (1506, 418, 53),
    (1507, 419, 72),
    (1508, 420, 23),
    (1509, 420, 81),
    (1510, 421, 64),
    (1511, 422, 83),
    (1512, 422, 86),
    (1513, 422, 49),
    (1514, 424, 54),
    (1515, 425, 49),
    (1516, 426, 61),
    (1517, 426, 31),
    (1518, 430, 91),
    (1519, 431, 8),
    (1520, 431, 72),
    (1521, 432, 72),
    (1522, 432, 68),
    (1523, 432, 18),
    (1524, 433, 27),
    (1525, 434, 58),
    (1526, 434, 48),
    (1527, 435, 25),
    (1528, 436, 87),
    (1529, 437, 10),
    (1530, 437, 25),
    (1531, 438, 86),
    (1532, 439, 27),
    (1533, 441, 2),
    (1534, 442, 95),
    (1535, 442, 16),
    (1536, 442, 96),
    (1537, 443, 32),
    (1538, 444, 27),
    (1539, 444, 51),
    (1540, 445, 100),
    (1541, 446, 69),
    (1542, 447, 34),
    (1543, 448, 64),
    (1544, 449, 93),
    (1545, 450, 41),
    (1546, 450, 27),
    (1547, 451, 6),
    (1548, 452, 95),
    (1549, 452, 19),
    (1550, 453, 75),
    (1551, 454, 38),
    (1552, 454, 20),
    (1553, 455, 49),
    (1554, 456, 64),
    (1555, 456, 71),
    (1556, 457, 44),
    (1557, 457, 33),
    (1558, 457, 98),
    (1559, 458, 83),
    (1560, 458, 95),
    (1561, 458, 63),
    (1562, 460, 46),
    (1563, 461, 70),
    (1564, 463, 70),
    (1565, 465, 68),
    (1566, 465, 5),
    (1567, 465, 10),
    (1568, 466, 1),
    (1569, 467, 81),
    (1570, 468, 20),
    (1571, 469, 59),
    (1572, 470, 82),
    (1573, 471, 62),
    (1574, 471, 85),
    (1575, 471, 63),
    (1576, 472, 71),
    (1577, 473, 68),
    (1578, 474, 37),
    (1579, 475, 90),
    (1580, 476, 23),
    (1581, 477, 68),
    (1582, 477, 20),
    (1583, 477, 31),
    (1584, 478, 33),
    (1585, 478, 46),
    (1586, 479, 11),
    (1587, 479, 48),
    (1588, 480, 32),
    (1589, 481, 88),
    (1590, 482, 84),
    (1591, 482, 98),
    (1592, 483, 49),
    (1593, 484, 8),
    (1594, 485, 22),
    (1595, 488, 56),
    (1596, 489, 73),
    (1597, 489, 13),
    (1598, 490, 30),
    (1599, 490, 28);
INSERT INTO LotSections (LotId, SectionId, Quantity) VALUES
    (1600, 490, 89),
    (1601, 491, 6),
    (1602, 492, 36),
    (1603, 492, 70),
    (1604, 493, 23),
    (1605, 493, 41),
    (1606, 494, 76),
    (1607, 494, 19),
    (1608, 494, 97),
    (1609, 495, 10),
    (1610, 495, 39),
    (1611, 496, 73),
    (1612, 497, 70),
    (1613, 497, 43),
    (1614, 498, 18),
    (1615, 498, 89),
    (1616, 499, 96),
    (1617, 500, 56),
    (1618, 501, 44),
    (1619, 501, 78),
    (1620, 502, 77),
    (1621, 502, 51),
    (1622, 503, 82),
    (1623, 504, 58),
    (1624, 504, 63),
    (1625, 505, 49),
    (1626, 506, 75),
    (1627, 507, 99),
    (1628, 508, 32),
    (1629, 509, 35),
    (1630, 510, 82),
    (1631, 511, 41),
    (1632, 511, 47),
    (1633, 512, 40),
    (1634, 513, 35),
    (1635, 514, 24),
    (1636, 515, 72),
    (1637, 516, 4),
    (1638, 517, 12),
    (1639, 518, 42),
    (1640, 520, 53),
    (1641, 521, 93),
    (1642, 521, 72),
    (1643, 522, 22),
    (1644, 525, 18),
    (1645, 526, 64),
    (1646, 527, 56),
    (1647, 530, 62),
    (1648, 531, 32),
    (1649, 532, 77),
    (1650, 532, 79),
    (1651, 533, 18),
    (1652, 534, 51),
    (1653, 535, 49),
    (1654, 535, 43),
    (1655, 536, 84),
    (1656, 537, 42),
    (1657, 539, 26),
    (1658, 539, 62),
    (1659, 539, 41),
    (1660, 540, 41),
    (1661, 540, 38),
    (1662, 540, 95),
    (1663, 541, 74),
    (1664, 541, 32),
    (1665, 542, 51),
    (1666, 543, 73),
    (1667, 544, 70),
    (1668, 545, 71),
    (1669, 545, 4),
    (1670, 547, 91),
    (1671, 549, 38),
    (1672, 550, 53),
    (1673, 551, 82),
    (1674, 552, 85),
    (1675, 553, 49),
    (1676, 553, 10),
    (1677, 554, 62),
    (1678, 554, 75),
    (1679, 554, 52),
    (1680, 555, 89),
    (1681, 556, 47),
    (1682, 557, 69),
    (1683, 557, 77),
    (1684, 558, 14),
    (1685, 558, 99),
    (1686, 558, 32),
    (1687, 559, 22),
    (1688, 559, 83),
    (1689, 560, 83),
    (1690, 562, 97),
    (1691, 562, 43),
    (1692, 563, 13),
    (1693, 564, 96),
    (1694, 565, 89),
    (1695, 566, 48),
    (1696, 567, 87),
    (1697, 568, 20),
    (1698, 568, 45),
    (1699, 570, 38),
    (1700, 571, 11),
    (1701, 571, 15),
    (1702, 571, 94),
    (1703, 572, 44),
    (1704, 573, 67),
    (1705, 573, 62),
    (1706, 574, 57),
    (1707, 575, 41),
    (1708, 575, 9),
    (1709, 576, 91),
    (1710, 577, 44),
    (1711, 578, 22),
    (1712, 579, 23),
    (1713, 580, 72),
    (1714, 582, 30),
    (1715, 582, 52),
    (1716, 582, 81),
    (1717, 583, 85),
    (1718, 584, 95),
    (1719, 585, 58),
    (1720, 585, 76),
    (1721, 586, 91),
    (1722, 588, 97),
    (1723, 589, 9),
    (1724, 589, 74),
    (1725, 590, 69),
    (1726, 590, 24),
    (1727, 591, 59),
    (1728, 592, 63),
    (1729, 593, 41),
    (1730, 593, 77),
    (1731, 593, 50),
    (1732, 594, 15),
    (1733, 597, 59),
    (1734, 598, 87),
    (1735, 599, 79),
    (1736, 599, 76),
    (1737, 600, 41),
    (1738, 600, 16),
    (1739, 601, 24),
    (1740, 602, 66),
    (1741, 602, 50),
    (1742, 603, 74),
    (1743, 605, 63),
    (1744, 606, 83),
    (1745, 607, 63),
    (1746, 608, 41),
    (1747, 609, 46),
    (1748, 609, 2),
    (1749, 610, 50),
    (1750, 611, 64),
    (1751, 612, 54),
    (1752, 612, 91),
    (1753, 613, 11),
    (1754, 614, 98),
    (1755, 615, 36),
    (1756, 616, 22),
    (1757, 617, 96),
    (1758, 618, 71),
    (1759, 618, 66),
    (1760, 619, 35),
    (1761, 620, 47),
    (1762, 621, 6),
    (1763, 621, 98),
    (1764, 622, 28),
    (1765, 623, 84),
    (1766, 624, 5),
    (1767, 625, 12),
    (1768, 626, 16),
    (1769, 626, 100),
    (1770, 628, 95),
    (1771, 630, 91),
    (1772, 630, 79),
    (1773, 632, 79),
    (1774, 633, 27),
    (1775, 633, 8),
    (1776, 634, 36),
    (1777, 635, 42),
    (1778, 636, 74),
    (1779, 638, 66),
    (1780, 638, 87),
    (1781, 638, 13),
    (1782, 639, 53),
    (1783, 639, 8),
    (1784, 639, 36),
    (1785, 641, 17),
    (1786, 642, 42),
    (1787, 643, 87),
    (1788, 643, 51),
    (1789, 644, 81),
    (1790, 645, 49),
    (1791, 645, 58),
    (1792, 646, 99),
    (1793, 646, 12),
    (1794, 647, 36),
    (1795, 648, 48),
    (1796, 648, 59),
    (1797, 648, 63),
    (1798, 649, 100),
    (1799, 650, 59);
INSERT INTO LotSections (LotId, SectionId, Quantity) VALUES
    (1800, 651, 46),
    (1801, 651, 9),
    (1802, 652, 55),
    (1803, 653, 42),
    (1804, 654, 74),
    (1805, 655, 63),
    (1806, 660, 98),
    (1807, 660, 7),
    (1808, 661, 59),
    (1809, 662, 21),
    (1810, 664, 55),
    (1811, 665, 17),
    (1812, 665, 84),
    (1813, 665, 39),
    (1814, 666, 36),
    (1815, 666, 12),
    (1816, 668, 11),
    (1817, 669, 84),
    (1818, 669, 22),
    (1819, 670, 40),
    (1820, 671, 30),
    (1821, 671, 55),
    (1822, 673, 13),
    (1823, 674, 10),
    (1824, 675, 67),
    (1825, 676, 2),
    (1826, 677, 16),
    (1827, 678, 62),
    (1828, 678, 10),
    (1829, 679, 94),
    (1830, 680, 48),
    (1831, 681, 100),
    (1832, 682, 83),
    (1833, 682, 87),
    (1834, 683, 73),
    (1835, 684, 22),
    (1836, 684, 57),
    (1837, 687, 81),
    (1838, 687, 96),
    (1839, 688, 79),
    (1840, 688, 88),
    (1841, 688, 57),
    (1842, 689, 13),
    (1843, 690, 76),
    (1844, 690, 94),
    (1845, 691, 55),
    (1846, 692, 32),
    (1847, 692, 36),
    (1848, 693, 71),
    (1849, 694, 78),
    (1850, 694, 37),
    (1851, 695, 4),
    (1852, 695, 85),
    (1853, 695, 39),
    (1854, 697, 66),
    (1855, 698, 38),
    (1856, 698, 83),
    (1857, 699, 31),
    (1858, 699, 64),
    (1859, 700, 64),
    (1860, 701, 68),
    (1861, 703, 41),
    (1862, 703, 17),
    (1863, 703, 50),
    (1864, 705, 70),
    (1865, 707, 61),
    (1866, 708, 76),
    (1867, 709, 28),
    (1868, 710, 51),
    (1869, 710, 65),
    (1870, 710, 37),
    (1871, 711, 99),
    (1872, 711, 54),
    (1873, 712, 11),
    (1874, 712, 82),
    (1875, 714, 20),
    (1876, 715, 11),
    (1877, 716, 20),
    (1878, 716, 69),
    (1879, 716, 42),
    (1880, 717, 98),
    (1881, 720, 9),
    (1882, 720, 40),
    (1883, 721, 31),
    (1884, 722, 56),
    (1885, 723, 78),
    (1886, 724, 95),
    (1887, 725, 16),
    (1888, 725, 2),
    (1889, 726, 2),
    (1890, 727, 45),
    (1891, 728, 93),
    (1892, 729, 17),
    (1893, 732, 35),
    (1894, 732, 94),
    (1895, 733, 4),
    (1896, 733, 43),
    (1897, 734, 9),
    (1898, 735, 74),
    (1899, 735, 81),
    (1900, 736, 66),
    (1901, 739, 73),
    (1902, 740, 33),
    (1903, 741, 74),
    (1904, 742, 30),
    (1905, 742, 95),
    (1906, 744, 2),
    (1907, 746, 47),
    (1908, 747, 23),
    (1909, 747, 5),
    (1910, 747, 71),
    (1911, 748, 54),
    (1912, 748, 29),
    (1913, 749, 93),
    (1914, 750, 10),
    (1915, 751, 65),
    (1916, 753, 23),
    (1917, 753, 29),
    (1918, 753, 67),
    (1919, 755, 9),
    (1920, 755, 60),
    (1921, 755, 37),
    (1922, 756, 42),
    (1923, 756, 12),
    (1924, 757, 48),
    (1925, 759, 39),
    (1926, 761, 60),
    (1927, 761, 48),
    (1928, 763, 99),
    (1929, 763, 100),
    (1930, 763, 26),
    (1931, 764, 98),
    (1932, 764, 32),
    (1933, 764, 20),
    (1934, 765, 4),
    (1935, 765, 30),
    (1936, 765, 70),
    (1937, 766, 89),
    (1938, 766, 2),
    (1939, 767, 85),
    (1940, 769, 94),
    (1941, 769, 40),
    (1942, 770, 31),
    (1943, 772, 8),
    (1944, 773, 12),
    (1945, 773, 6),
    (1946, 775, 67),
    (1947, 775, 53),
    (1948, 776, 59),
    (1949, 776, 96),
    (1950, 777, 65),
    (1951, 778, 51),
    (1952, 778, 10),
    (1953, 779, 56),
    (1954, 780, 31),
    (1955, 780, 38),
    (1956, 780, 34),
    (1957, 781, 51),
    (1958, 781, 90),
    (1959, 781, 95),
    (1960, 782, 35),
    (1961, 783, 26),
    (1962, 784, 75),
    (1963, 784, 14),
    (1964, 785, 58),
    (1965, 786, 16),
    (1966, 787, 99),
    (1967, 788, 60),
    (1968, 789, 12),
    (1969, 789, 21),
    (1970, 791, 91),
    (1971, 792, 28),
    (1972, 792, 42),
    (1973, 795, 32),
    (1974, 797, 7),
    (1975, 798, 23),
    (1976, 799, 58),
    (1977, 799, 72),
    (1978, 799, 96),
    (1979, 800, 60),
    (1980, 801, 18),
    (1981, 801, 16),
    (1982, 802, 100),
    (1983, 803, 52),
    (1984, 806, 83),
    (1985, 806, 11),
    (1986, 807, 10),
    (1987, 808, 26),
    (1988, 808, 83),
    (1989, 808, 57),
    (1990, 809, 43),
    (1991, 811, 60),
    (1992, 812, 74),
    (1993, 813, 51),
    (1994, 813, 64),
    (1995, 814, 55),
    (1996, 816, 24),
    (1997, 817, 20),
    (1998, 818, 79),
    (1999, 818, 32);
INSERT INTO LotSections (LotId, SectionId, Quantity) VALUES
    (2000, 819, 53),
    (2001, 821, 12),
    (2002, 822, 54),
    (2003, 825, 68),
    (2004, 825, 32),
    (2005, 827, 70),
    (2006, 827, 3),
    (2007, 827, 49),
    (2008, 829, 70),
    (2009, 831, 73),
    (2010, 832, 35),
    (2011, 833, 77),
    (2012, 834, 100),
    (2013, 835, 61),
    (2014, 837, 75),
    (2015, 839, 13),
    (2016, 839, 32),
    (2017, 839, 85),
    (2018, 840, 95),
    (2019, 841, 29),
    (2020, 841, 74),
    (2021, 842, 23),
    (2022, 843, 41),
    (2023, 844, 76),
    (2024, 844, 4),
    (2025, 845, 73),
    (2026, 845, 73),
    (2027, 848, 25),
    (2028, 849, 23),
    (2029, 850, 8),
    (2030, 852, 3),
    (2031, 852, 68),
    (2032, 853, 79),
    (2033, 854, 44),
    (2034, 854, 92),
    (2035, 855, 42),
    (2036, 855, 8),
    (2037, 855, 3),
    (2038, 857, 19),
    (2039, 858, 68),
    (2040, 859, 48),
    (2041, 859, 91),
    (2042, 859, 85),
    (2043, 860, 44),
    (2044, 861, 21),
    (2045, 862, 82),
    (2046, 862, 63),
    (2047, 862, 84),
    (2048, 863, 72),
    (2049, 864, 79),
    (2050, 864, 46),
    (2051, 865, 23),
    (2052, 865, 49),
    (2053, 866, 38),
    (2054, 866, 17),
    (2055, 867, 90),
    (2056, 867, 74),
    (2057, 868, 99),
    (2058, 868, 73),
    (2059, 871, 41),
    (2060, 872, 73),
    (2061, 874, 19),
    (2062, 874, 43),
    (2063, 874, 96),
    (2064, 876, 41),
    (2065, 877, 12),
    (2066, 877, 91),
    (2067, 878, 43),
    (2068, 878, 58),
    (2069, 879, 32),
    (2070, 880, 33),
    (2071, 881, 7),
    (2072, 881, 50),
    (2073, 882, 22),
    (2074, 882, 53),
    (2075, 883, 45),
    (2076, 883, 70),
    (2077, 884, 62),
    (2078, 885, 88),
    (2079, 885, 29),
    (2080, 886, 5),
    (2081, 887, 34),
    (2082, 888, 22),
    (2083, 890, 10),
    (2084, 891, 12),
    (2085, 891, 44),
    (2086, 891, 77),
    (2087, 892, 91),
    (2088, 892, 4),
    (2089, 893, 22),
    (2090, 893, 78),
    (2091, 893, 56),
    (2092, 894, 43),
    (2093, 898, 53),
    (2094, 898, 90),
    (2095, 898, 71),
    (2096, 900, 70),
    (2097, 900, 34),
    (2098, 900, 85),
    (2099, 901, 13),
    (2100, 902, 71),
    (2101, 903, 47),
    (2102, 904, 38),
    (2103, 905, 62),
    (2104, 905, 26),
    (2105, 906, 22),
    (2106, 907, 11),
    (2107, 908, 40),
    (2108, 908, 51),
    (2109, 909, 85),
    (2110, 910, 70),
    (2111, 911, 49),
    (2112, 912, 6),
    (2113, 914, 34),
    (2114, 916, 73),
    (2115, 916, 8),
    (2116, 917, 86),
    (2117, 917, 13),
    (2118, 918, 70),
    (2119, 918, 53),
    (2120, 919, 71),
    (2121, 920, 67),
    (2122, 920, 54),
    (2123, 922, 61),
    (2124, 922, 74),
    (2125, 923, 11),
    (2126, 924, 92),
    (2127, 924, 5),
    (2128, 924, 65),
    (2129, 925, 74),
    (2130, 925, 87),
    (2131, 925, 80),
    (2132, 926, 97),
    (2133, 928, 22),
    (2134, 929, 17),
    (2135, 929, 6),
    (2136, 930, 88),
    (2137, 932, 81),
    (2138, 933, 34),
    (2139, 933, 41),
    (2140, 934, 9),
    (2141, 934, 12),
    (2142, 934, 50),
    (2143, 935, 42),
    (2144, 937, 2),
    (2145, 939, 67),
    (2146, 939, 54),
    (2147, 940, 19),
    (2148, 941, 98),
    (2149, 942, 73),
    (2150, 942, 100),
    (2151, 942, 13),
    (2152, 943, 45),
    (2153, 943, 53),
    (2154, 944, 63),
    (2155, 945, 5),
    (2156, 945, 23),
    (2157, 946, 80),
    (2158, 947, 52),
    (2159, 947, 5),
    (2160, 948, 43),
    (2161, 948, 89),
    (2162, 950, 61),
    (2163, 951, 3),
    (2164, 951, 44),
    (2165, 952, 63),
    (2166, 953, 30),
    (2167, 953, 18),
    (2168, 955, 57),
    (2169, 955, 100),
    (2170, 955, 42),
    (2171, 957, 78),
    (2172, 957, 83),
    (2173, 958, 28),
    (2174, 959, 98),
    (2175, 959, 67),
    (2176, 960, 66),
    (2177, 960, 21),
    (2178, 961, 65),
    (2179, 962, 68),
    (2180, 963, 25),
    (2181, 964, 32),
    (2182, 964, 5),
    (2183, 965, 47),
    (2184, 966, 48),
    (2185, 967, 82),
    (2186, 969, 31),
    (2187, 969, 48),
    (2188, 970, 23),
    (2189, 972, 45),
    (2190, 973, 34),
    (2191, 974, 12),
    (2192, 974, 37),
    (2193, 975, 21),
    (2194, 976, 28),
    (2195, 976, 29),
    (2196, 977, 27),
    (2197, 978, 66),
    (2198, 978, 3),
    (2199, 979, 88);
INSERT INTO LotSections (LotId, SectionId, Quantity) VALUES
    (2200, 979, 2),
    (2201, 979, 61),
    (2202, 980, 77),
    (2203, 980, 2),
    (2204, 981, 40),
    (2205, 982, 83),
    (2206, 982, 36),
    (2207, 982, 55),
    (2208, 985, 59),
    (2209, 985, 33),
    (2210, 986, 87),
    (2211, 987, 51),
    (2212, 987, 75),
    (2213, 988, 85),
    (2214, 990, 77),
    (2215, 991, 88),
    (2216, 992, 44),
    (2217, 993, 36),
    (2218, 993, 34),
    (2219, 995, 84),
    (2220, 995, 39),
    (2221, 996, 98),
    (2222, 997, 77),
    (2223, 997, 52),
    (2224, 999, 18),
    (2225, 1000, 64),
    (2226, 1001, 54),
    (2227, 1002, 5),
    (2228, 1004, 74),
    (2229, 1004, 25),
    (2230, 1006, 29),
    (2231, 1006, 88),
    (2232, 1007, 61),
    (2233, 1007, 86),
    (2234, 1008, 22),
    (2235, 1009, 24),
    (2236, 1009, 38),
    (2237, 1010, 95),
    (2238, 1011, 72),
    (2239, 1011, 98),
    (2240, 1012, 43),
    (2241, 1012, 84),
    (2242, 1012, 12),
    (2243, 1013, 96),
    (2244, 1014, 43),
    (2245, 1016, 38),
    (2246, 1017, 61),
    (2247, 1017, 7),
    (2248, 1019, 80),
    (2249, 1020, 25),
    (2250, 1022, 88),
    (2251, 1023, 53),
    (2252, 1024, 20),
    (2253, 1024, 18),
    (2254, 1025, 73),
    (2255, 1026, 92),
    (2256, 1027, 63),
    (2257, 1027, 43),
    (2258, 1029, 41),
    (2259, 1029, 82),
    (2260, 1029, 8),
    (2261, 1030, 27),
    (2262, 1032, 74),
    (2263, 1032, 98),
    (2264, 1034, 98),
    (2265, 1035, 79),
    (2266, 1036, 52),
    (2267, 1036, 55),
    (2268, 1037, 5),
    (2269, 1039, 48),
    (2270, 1040, 97),
    (2271, 1040, 68),
    (2272, 1041, 1),
    (2273, 1044, 29),
    (2274, 1044, 89),
    (2275, 1046, 14),
    (2276, 1047, 40),
    (2277, 1048, 6),
    (2278, 1049, 59),
    (2279, 1049, 94),
    (2280, 1049, 67),
    (2281, 1051, 56),
    (2282, 1053, 44),
    (2283, 1053, 63),
    (2284, 1053, 46),
    (2285, 1056, 52),
    (2286, 1057, 94),
    (2287, 1059, 3),
    (2288, 1060, 16),
    (2289, 1061, 5),
    (2290, 1061, 49),
    (2291, 1062, 69),
    (2292, 1063, 7),
    (2293, 1064, 3),
    (2294, 1065, 54),
    (2295, 1065, 57),
    (2296, 1066, 33),
    (2297, 1067, 27),
    (2298, 1067, 89),
    (2299, 1068, 39),
    (2300, 1068, 54),
    (2301, 1069, 67),
    (2302, 1070, 90),
    (2303, 1070, 18),
    (2304, 1071, 14),
    (2305, 1071, 66),
    (2306, 1072, 37),
    (2307, 1072, 15),
    (2308, 1073, 78),
    (2309, 1074, 67),
    (2310, 1074, 26),
    (2311, 1075, 38),
    (2312, 1075, 21),
    (2313, 1076, 27),
    (2314, 1077, 43),
    (2315, 1077, 31),
    (2316, 1077, 1),
    (2317, 1078, 15),
    (2318, 1078, 74),
    (2319, 1079, 12),
    (2320, 1081, 93),
    (2321, 1082, 33),
    (2322, 1084, 38),
    (2323, 1085, 13),
    (2324, 1087, 38),
    (2325, 1087, 47),
    (2326, 1088, 95),
    (2327, 1090, 98),
    (2328, 1091, 18),
    (2329, 1092, 43),
    (2330, 1092, 46),
    (2331, 1093, 35),
    (2332, 1093, 94),
    (2333, 1093, 12),
    (2334, 1094, 24),
    (2335, 1094, 15),
    (2336, 1096, 59),
    (2337, 1097, 89),
    (2338, 1097, 62),
    (2339, 1098, 22),
    (2340, 1098, 15),
    (2341, 1099, 8),
    (2342, 1099, 21),
    (2343, 1100, 76),
    (2344, 1101, 87),
    (2345, 1101, 57),
    (2346, 1102, 100),
    (2347, 1102, 46),
    (2348, 1103, 88),
    (2349, 1104, 17),
    (2350, 1104, 62),
    (2351, 1104, 63),
    (2352, 1105, 57),
    (2353, 1105, 6),
    (2354, 1107, 41),
    (2355, 1108, 87),
    (2356, 1108, 68),
    (2357, 1109, 93),
    (2358, 1109, 73),
    (2359, 1110, 86),
    (2360, 1110, 44),
    (2361, 1110, 67),
    (2362, 1111, 80),
    (2363, 1111, 13),
    (2364, 1112, 32),
    (2365, 1112, 62),
    (2366, 1113, 83),
    (2367, 1113, 50),
    (2368, 1114, 72),
    (2369, 1114, 79),
    (2370, 1115, 21),
    (2371, 1117, 64),
    (2372, 1117, 22),
    (2373, 1118, 42),
    (2374, 1118, 31),
    (2375, 1119, 7),
    (2376, 1119, 65),
    (2377, 1119, 29),
    (2378, 1120, 52),
    (2379, 1120, 31),
    (2380, 1121, 74),
    (2381, 1122, 64),
    (2382, 1123, 64),
    (2383, 1126, 14),
    (2384, 1126, 52),
    (2385, 1127, 71),
    (2386, 1128, 78),
    (2387, 1128, 80),
    (2388, 1129, 66),
    (2389, 1130, 86),
    (2390, 1131, 47),
    (2391, 1131, 7),
    (2392, 1131, 29),
    (2393, 1132, 99),
    (2394, 1134, 92),
    (2395, 1135, 58),
    (2396, 1136, 85),
    (2397, 1137, 46),
    (2398, 1138, 38),
    (2399, 1138, 71);
INSERT INTO LotSections (LotId, SectionId, Quantity) VALUES
    (2400, 1138, 67),
    (2401, 1139, 6),
    (2402, 1139, 22),
    (2403, 1140, 92),
    (2404, 1141, 14),
    (2405, 1141, 33),
    (2406, 1142, 16),
    (2407, 1145, 25),
    (2408, 1147, 97),
    (2409, 1148, 82),
    (2410, 1149, 99),
    (2411, 1150, 76),
    (2412, 1151, 64),
    (2413, 1152, 7),
    (2414, 1153, 75),
    (2415, 1153, 62),
    (2416, 1153, 66),
    (2417, 1154, 23),
    (2418, 1154, 89),
    (2419, 1154, 75),
    (2420, 1156, 17),
    (2421, 1156, 14),
    (2422, 1158, 78),
    (2423, 1158, 42),
    (2424, 1160, 54),
    (2425, 1160, 78),
    (2426, 1161, 36),
    (2427, 1161, 51),
    (2428, 1162, 58),
    (2429, 1162, 18),
    (2430, 1162, 18),
    (2431, 1163, 96),
    (2432, 1163, 66),
    (2433, 1164, 71),
    (2434, 1164, 41),
    (2435, 1165, 71),
    (2436, 1165, 81),
    (2437, 1166, 80),
    (2438, 1167, 45),
    (2439, 1168, 91),
    (2440, 1170, 23),
    (2441, 1170, 65),
    (2442, 1170, 70),
    (2443, 1171, 91),
    (2444, 1171, 15),
    (2445, 1173, 62),
    (2446, 1174, 86),
    (2447, 1175, 96),
    (2448, 1179, 55),
    (2449, 1180, 4),
    (2450, 1181, 86),
    (2451, 1182, 97),
    (2452, 1183, 88),
    (2453, 1183, 33),
    (2454, 1183, 19),
    (2455, 1184, 38),
    (2456, 1184, 27),
    (2457, 1186, 46),
    (2458, 1187, 87),
    (2459, 1188, 29),
    (2460, 1189, 50),
    (2461, 1189, 31),
    (2462, 1190, 90),
    (2463, 1190, 37),
    (2464, 1191, 49),
    (2465, 1191, 50),
    (2466, 1193, 88),
    (2467, 1193, 41),
    (2468, 1193, 71),
    (2469, 1194, 33),
    (2470, 1195, 100),
    (2471, 1195, 57),
    (2472, 1196, 91),
    (2473, 1196, 91),
    (2474, 1196, 83),
    (2475, 1197, 70),
    (2476, 1197, 95),
    (2477, 1198, 93),
    (2478, 1199, 23),
    (2479, 1201, 23),
    (2480, 1203, 49),
    (2481, 1204, 72),
    (2482, 1205, 75),
    (2483, 1206, 60),
    (2484, 1207, 6),
    (2485, 1207, 20),
    (2486, 1207, 42),
    (2487, 1209, 81),
    (2488, 1210, 39),
    (2489, 1210, 63),
    (2490, 1211, 10),
    (2491, 1212, 29),
    (2492, 1213, 65),
    (2493, 1214, 69),
    (2494, 1215, 29),
    (2495, 1216, 43),
    (2496, 1216, 47),
    (2497, 1217, 97),
    (2498, 1218, 72),
    (2499, 1219, 2),
    (2500, 1219, 15),
    (2501, 1219, 86),
    (2502, 1220, 83),
    (2503, 1221, 32),
    (2504, 1221, 6),
    (2505, 1221, 88),
    (2506, 1222, 15),
    (2507, 1223, 93),
    (2508, 1224, 67),
    (2509, 1226, 66),
    (2510, 1227, 38),
    (2511, 1228, 66),
    (2512, 1229, 22),
    (2513, 1229, 99),
    (2514, 1229, 69),
    (2515, 1230, 9),
    (2516, 1231, 100),
    (2517, 1231, 28),
    (2518, 1232, 14),
    (2519, 1233, 90),
    (2520, 1234, 83),
    (2521, 1234, 10),
    (2522, 1236, 4),
    (2523, 1236, 59),
    (2524, 1237, 12),
    (2525, 1238, 33),
    (2526, 1239, 30),
    (2527, 1240, 58),
    (2528, 1241, 41),
    (2529, 1242, 16),
    (2530, 1243, 93),
    (2531, 1245, 96),
    (2532, 1247, 10),
    (2533, 1248, 14),
    (2534, 1248, 38),
    (2535, 1248, 88),
    (2536, 1250, 37),
    (2537, 1250, 98),
    (2538, 1251, 85),
    (2539, 1252, 69),
    (2540, 1253, 51),
    (2541, 1254, 82),
    (2542, 1255, 94),
    (2543, 1256, 2),
    (2544, 1258, 19),
    (2545, 1258, 16),
    (2546, 1259, 77),
    (2547, 1261, 11),
    (2548, 1262, 95),
    (2549, 1264, 53),
    (2550, 1265, 19),
    (2551, 1265, 21),
    (2552, 1266, 33),
    (2553, 1267, 86),
    (2554, 1268, 97),
    (2555, 1268, 71),
    (2556, 1269, 10),
    (2557, 1269, 38),
    (2558, 1270, 13),
    (2559, 1271, 63),
    (2560, 1271, 43),
    (2561, 1272, 84),
    (2562, 1273, 80),
    (2563, 1274, 41),
    (2564, 1274, 63),
    (2565, 1274, 58),
    (2566, 1277, 40),
    (2567, 1277, 89),
    (2568, 1278, 73),
    (2569, 1281, 55),
    (2570, 1281, 22),
    (2571, 1282, 29),
    (2572, 1284, 56),
    (2573, 1284, 36),
    (2574, 1285, 94),
    (2575, 1286, 60),
    (2576, 1286, 58),
    (2577, 1288, 63),
    (2578, 1288, 71),
    (2579, 1289, 78),
    (2580, 1290, 18),
    (2581, 1290, 69),
    (2582, 1292, 81),
    (2583, 1293, 3),
    (2584, 1293, 65),
    (2585, 1294, 75),
    (2586, 1295, 76),
    (2587, 1297, 71),
    (2588, 1297, 34),
    (2589, 1297, 70),
    (2590, 1298, 100),
    (2591, 1299, 29),
    (2592, 1300, 38),
    (2593, 1301, 66),
    (2594, 1302, 65),
    (2595, 1303, 79),
    (2596, 1303, 88),
    (2597, 1305, 18),
    (2598, 1305, 58),
    (2599, 1306, 73);
INSERT INTO LotSections (LotId, SectionId, Quantity) VALUES
    (2600, 1308, 19),
    (2601, 1308, 95),
    (2602, 1309, 46),
    (2603, 1310, 63),
    (2604, 1311, 48),
    (2605, 1312, 27),
    (2606, 1313, 47),
    (2607, 1313, 50),
    (2608, 1313, 61),
    (2609, 1314, 6),
    (2610, 1314, 84),
    (2611, 1315, 67),
    (2612, 1316, 95),
    (2613, 1316, 34),
    (2614, 1317, 23),
    (2615, 1318, 47),
    (2616, 1318, 76),
    (2617, 1319, 10),
    (2618, 1319, 67),
    (2619, 1320, 29),
    (2620, 1322, 45),
    (2621, 1324, 78),
    (2622, 1324, 1),
    (2623, 1325, 57),
    (2624, 1325, 22),
    (2625, 1326, 83),
    (2626, 1327, 24),
    (2627, 1328, 92),
    (2628, 1329, 54),
    (2629, 1329, 43),
    (2630, 1330, 87),
    (2631, 1331, 76),
    (2632, 1333, 53),
    (2633, 1333, 3),
    (2634, 1335, 74),
    (2635, 1336, 81),
    (2636, 1337, 74),
    (2637, 1338, 34),
    (2638, 1339, 52),
    (2639, 1340, 82),
    (2640, 1340, 3),
    (2641, 1340, 93),
    (2642, 1341, 37),
    (2643, 1341, 11),
    (2644, 1342, 61),
    (2645, 1343, 53),
    (2646, 1344, 75),
    (2647, 1345, 85),
    (2648, 1346, 93),
    (2649, 1347, 59),
    (2650, 1348, 30),
    (2651, 1350, 14),
    (2652, 1351, 65),
    (2653, 1352, 20),
    (2654, 1353, 61),
    (2655, 1354, 69),
    (2656, 1355, 12),
    (2657, 1355, 62),
    (2658, 1356, 78),
    (2659, 1358, 100),
    (2660, 1358, 87),
    (2661, 1359, 54),
    (2662, 1360, 90),
    (2663, 1360, 68),
    (2664, 1361, 62),
    (2665, 1362, 76),
    (2666, 1363, 90),
    (2667, 1363, 74),
    (2668, 1363, 13),
    (2669, 1365, 62),
    (2670, 1366, 11),
    (2671, 1368, 70),
    (2672, 1369, 1),
    (2673, 1370, 1),
    (2674, 1370, 74),
    (2675, 1371, 1),
    (2676, 1372, 89),
    (2677, 1372, 41),
    (2678, 1373, 20),
    (2679, 1374, 33),
    (2680, 1374, 34),
    (2681, 1375, 47),
    (2682, 1376, 88),
    (2683, 1377, 53),
    (2684, 1377, 71),
    (2685, 1378, 48),
    (2686, 1379, 33),
    (2687, 1380, 100),
    (2688, 1381, 18),
    (2689, 1382, 30),
    (2690, 1383, 21),
    (2691, 1383, 13),
    (2692, 1384, 44),
    (2693, 1385, 88),
    (2694, 1385, 91),
    (2695, 1386, 82),
    (2696, 1388, 19),
    (2697, 1388, 61),
    (2698, 1389, 9),
    (2699, 1391, 11),
    (2700, 1392, 50),
    (2701, 1394, 67),
    (2702, 1394, 37),
    (2703, 1396, 8),
    (2704, 1396, 100),
    (2705, 1396, 23),
    (2706, 1397, 2),
    (2707, 1399, 67),
    (2708, 1399, 37),
    (2709, 1400, 77),
    (2710, 1401, 30),
    (2711, 1402, 5),
    (2712, 1403, 1),
    (2713, 1405, 36),
    (2714, 1407, 86),
    (2715, 1408, 26),
    (2716, 1410, 91),
    (2717, 1412, 71),
    (2718, 1412, 37),
    (2719, 1412, 93),
    (2720, 1413, 45),
    (2721, 1413, 45),
    (2722, 1413, 36),
    (2723, 1414, 25),
    (2724, 1414, 59),
    (2725, 1415, 34),
    (2726, 1416, 14),
    (2727, 1417, 38),
    (2728, 1418, 66),
    (2729, 1418, 33),
    (2730, 1418, 69),
    (2731, 1419, 57),
    (2732, 1421, 99),
    (2733, 1422, 100),
    (2734, 1422, 59),
    (2735, 1423, 76),
    (2736, 1426, 34),
    (2737, 1427, 29),
    (2738, 1429, 41),
    (2739, 1429, 53),
    (2740, 1430, 2),
    (2741, 1432, 32),
    (2742, 1432, 37),
    (2743, 1433, 96),
    (2744, 1434, 23),
    (2745, 1435, 28),
    (2746, 1437, 96),
    (2747, 1438, 25),
    (2748, 1438, 64),
    (2749, 1438, 95),
    (2750, 1439, 31),
    (2751, 1440, 26),
    (2752, 1441, 46),
    (2753, 1441, 20),
    (2754, 1442, 11),
    (2755, 1443, 64),
    (2756, 1443, 79),
    (2757, 1443, 1),
    (2758, 1444, 6),
    (2759, 1444, 62),
    (2760, 1445, 64),
    (2761, 1445, 74),
    (2762, 1446, 98),
    (2763, 1447, 29),
    (2764, 1448, 7),
    (2765, 1450, 62),
    (2766, 1450, 70),
    (2767, 1452, 51),
    (2768, 1453, 59),
    (2769, 1453, 16),
    (2770, 1455, 41),
    (2771, 1456, 87),
    (2772, 1457, 13),
    (2773, 1458, 34),
    (2774, 1459, 31),
    (2775, 1461, 79),
    (2776, 1463, 64),
    (2777, 1465, 90),
    (2778, 1466, 52),
    (2779, 1467, 74),
    (2780, 1468, 88),
    (2781, 1468, 30),
    (2782, 1468, 13),
    (2783, 1470, 31),
    (2784, 1471, 49),
    (2785, 1472, 95),
    (2786, 1473, 2),
    (2787, 1474, 18),
    (2788, 1476, 93),
    (2789, 1477, 39),
    (2790, 1477, 33),
    (2791, 1478, 7),
    (2792, 1478, 51),
    (2793, 1479, 8),
    (2794, 1479, 28),
    (2795, 1481, 81),
    (2796, 1482, 43),
    (2797, 1483, 72),
    (2798, 1485, 33),
    (2799, 1485, 45);
INSERT INTO LotSections (LotId, SectionId, Quantity) VALUES
    (2800, 1485, 3),
    (2801, 1486, 87),
    (2802, 1487, 74),
    (2803, 1488, 23),
    (2804, 1488, 100),
    (2805, 1489, 87),
    (2806, 1490, 95),
    (2807, 1492, 49),
    (2808, 1492, 79),
    (2809, 1493, 19),
    (2810, 1494, 44),
    (2811, 1494, 54),
    (2812, 1495, 52),
    (2813, 1495, 10),
    (2814, 1496, 30),
    (2815, 1497, 38),
    (2816, 1498, 83),
    (2817, 1499, 57),
    (2818, 1500, 47),
    (2819, 1500, 96),
    (2820, 1502, 58),
    (2821, 1503, 3),
    (2822, 1504, 85),
    (2823, 1504, 33),
    (2824, 1506, 11),
    (2825, 1506, 27),
    (2826, 1507, 13),
    (2827, 1508, 61),
    (2828, 1508, 71),
    (2829, 1508, 7),
    (2830, 1509, 68),
    (2831, 1509, 98),
    (2832, 1510, 80),
    (2833, 1512, 50),
    (2834, 1513, 95),
    (2835, 1516, 17),
    (2836, 1517, 22),
    (2837, 1519, 46),
    (2838, 1520, 60),
    (2839, 1520, 70),
    (2840, 1521, 18),
    (2841, 1522, 76),
    (2842, 1523, 96),
    (2843, 1525, 56),
    (2844, 1525, 68),
    (2845, 1526, 40),
    (2846, 1526, 45),
    (2847, 1527, 12),
    (2848, 1528, 53),
    (2849, 1530, 2),
    (2850, 1532, 98),
    (2851, 1534, 61),
    (2852, 1535, 63),
    (2853, 1536, 2),
    (2854, 1537, 38),
    (2855, 1538, 1),
    (2856, 1540, 53),
    (2857, 1544, 32),
    (2858, 1545, 83),
    (2859, 1545, 50),
    (2860, 1546, 11),
    (2861, 1547, 67),
    (2862, 1547, 98),
    (2863, 1548, 88),
    (2864, 1548, 35),
    (2865, 1550, 69),
    (2866, 1550, 35),
    (2867, 1551, 9),
    (2868, 1555, 15),
    (2869, 1557, 58),
    (2870, 1558, 63),
    (2871, 1558, 25),
    (2872, 1559, 7),
    (2873, 1560, 14),
    (2874, 1561, 92),
    (2875, 1562, 30),
    (2876, 1562, 12),
    (2877, 1563, 28),
    (2878, 1564, 64),
    (2879, 1566, 5),
    (2880, 1567, 97),
    (2881, 1568, 100),
    (2882, 1569, 61),
    (2883, 1570, 33),
    (2884, 1571, 16),
    (2885, 1571, 99),
    (2886, 1572, 99),
    (2887, 1573, 5),
    (2888, 1574, 99),
    (2889, 1575, 27),
    (2890, 1576, 40),
    (2891, 1578, 94),
    (2892, 1579, 71),
    (2893, 1579, 67),
    (2894, 1581, 82),
    (2895, 1584, 7),
    (2896, 1585, 15),
    (2897, 1586, 42),
    (2898, 1586, 2),
    (2899, 1587, 75),
    (2900, 1587, 16),
    (2901, 1588, 2),
    (2902, 1588, 6),
    (2903, 1589, 61),
    (2904, 1589, 89),
    (2905, 1590, 99),
    (2906, 1591, 64),
    (2907, 1592, 44),
    (2908, 1592, 98),
    (2909, 1593, 46),
    (2910, 1595, 69),
    (2911, 1596, 30),
    (2912, 1597, 83),
    (2913, 1597, 97),
    (2914, 1597, 45),
    (2915, 1598, 3),
    (2916, 1598, 89),
    (2917, 1599, 18),
    (2918, 1600, 63),
    (2919, 1600, 91),
    (2920, 1603, 70),
    (2921, 1604, 73),
    (2922, 1605, 42),
    (2923, 1606, 77),
    (2924, 1607, 68),
    (2925, 1608, 34),
    (2926, 1609, 1),
    (2927, 1610, 49),
    (2928, 1610, 94),
    (2929, 1611, 80),
    (2930, 1611, 47),
    (2931, 1612, 42),
    (2932, 1612, 93),
    (2933, 1613, 69),
    (2934, 1613, 50),
    (2935, 1614, 64),
    (2936, 1615, 79),
    (2937, 1616, 83),
    (2938, 1617, 67),
    (2939, 1619, 17),
    (2940, 1621, 26),
    (2941, 1621, 14),
    (2942, 1622, 5),
    (2943, 1623, 50),
    (2944, 1623, 85),
    (2945, 1624, 90),
    (2946, 1625, 47),
    (2947, 1626, 10),
    (2948, 1626, 2),
    (2949, 1627, 11),
    (2950, 1627, 60),
    (2951, 1629, 72),
    (2952, 1630, 54),
    (2953, 1630, 48),
    (2954, 1630, 91),
    (2955, 1631, 35),
    (2956, 1631, 68),
    (2957, 1632, 39),
    (2958, 1632, 10),
    (2959, 1633, 13),
    (2960, 1633, 13),
    (2961, 1633, 93),
    (2962, 1634, 25),
    (2963, 1635, 32),
    (2964, 1636, 23),
    (2965, 1636, 72),
    (2966, 1637, 96),
    (2967, 1638, 74),
    (2968, 1638, 46),
    (2969, 1639, 86),
    (2970, 1640, 22),
    (2971, 1640, 24),
    (2972, 1641, 44),
    (2973, 1643, 77),
    (2974, 1644, 41),
    (2975, 1644, 71),
    (2976, 1644, 42),
    (2977, 1645, 82),
    (2978, 1646, 42),
    (2979, 1646, 78),
    (2980, 1647, 28),
    (2981, 1649, 96),
    (2982, 1649, 33),
    (2983, 1651, 58),
    (2984, 1651, 51),
    (2985, 1651, 1),
    (2986, 1653, 37),
    (2987, 1654, 18),
    (2988, 1655, 29),
    (2989, 1658, 3),
    (2990, 1658, 99),
    (2991, 1659, 71),
    (2992, 1659, 66),
    (2993, 1660, 74),
    (2994, 1661, 59),
    (2995, 1662, 34),
    (2996, 1663, 32),
    (2997, 1663, 30),
    (2998, 1664, 12),
    (2999, 1664, 74);
INSERT INTO LotSections (LotId, SectionId, Quantity) VALUES
    (3000, 1665, 28),
    (3001, 1667, 42),
    (3002, 1668, 89),
    (3003, 1669, 13),
    (3004, 1670, 5),
    (3005, 1670, 94),
    (3006, 1671, 100),
    (3007, 1672, 43),
    (3008, 1672, 45),
    (3009, 1672, 56),
    (3010, 1673, 16),
    (3011, 1673, 99),
    (3012, 1673, 30),
    (3013, 1674, 78),
    (3014, 1674, 2),
    (3015, 1675, 49),
    (3016, 1675, 7),
    (3017, 1677, 41),
    (3018, 1679, 42),
    (3019, 1680, 20),
    (3020, 1680, 7),
    (3021, 1681, 51),
    (3022, 1681, 58),
    (3023, 1682, 65),
    (3024, 1683, 38),
    (3025, 1684, 44),
    (3026, 1685, 96),
    (3027, 1686, 34),
    (3028, 1687, 56),
    (3029, 1690, 98),
    (3030, 1690, 18),
    (3031, 1692, 63),
    (3032, 1693, 26),
    (3033, 1693, 72),
    (3034, 1694, 68),
    (3035, 1694, 32),
    (3036, 1694, 32),
    (3037, 1695, 56),
    (3038, 1696, 74),
    (3039, 1696, 12),
    (3040, 1699, 55),
    (3041, 1699, 47),
    (3042, 1700, 45),
    (3043, 1701, 99),
    (3044, 1701, 40),
    (3045, 1702, 79),
    (3046, 1702, 57),
    (3047, 1702, 80),
    (3048, 1703, 30),
    (3049, 1704, 20),
    (3050, 1704, 97),
    (3051, 1706, 15),
    (3052, 1706, 95),
    (3053, 1709, 80),
    (3054, 1710, 37),
    (3055, 1710, 2),
    (3056, 1712, 15),
    (3057, 1712, 40),
    (3058, 1713, 43),
    (3059, 1714, 28),
    (3060, 1714, 27),
    (3061, 1715, 34),
    (3062, 1716, 94),
    (3063, 1717, 86),
    (3064, 1717, 3),
    (3065, 1718, 85),
    (3066, 1719, 22),
    (3067, 1722, 90),
    (3068, 1724, 60),
    (3069, 1725, 9),
    (3070, 1725, 50),
    (3071, 1725, 85),
    (3072, 1726, 85),
    (3073, 1726, 47),
    (3074, 1727, 84),
    (3075, 1729, 49),
    (3076, 1730, 13),
    (3077, 1730, 41),
    (3078, 1730, 63),
    (3079, 1731, 24),
    (3080, 1732, 59),
    (3081, 1733, 3),
    (3082, 1733, 6),
    (3083, 1733, 32),
    (3084, 1734, 63),
    (3085, 1735, 3),
    (3086, 1735, 45),
    (3087, 1736, 81),
    (3088, 1737, 65),
    (3089, 1738, 81),
    (3090, 1738, 33),
    (3091, 1739, 4),
    (3092, 1739, 72),
    (3093, 1740, 44),
    (3094, 1741, 12),
    (3095, 1741, 94),
    (3096, 1743, 87),
    (3097, 1744, 88),
    (3098, 1744, 30),
    (3099, 1745, 20),
    (3100, 1746, 78),
    (3101, 1746, 43),
    (3102, 1746, 58),
    (3103, 1748, 84),
    (3104, 1749, 88),
    (3105, 1750, 40),
    (3106, 1750, 89),
    (3107, 1751, 18),
    (3108, 1751, 56),
    (3109, 1752, 73),
    (3110, 1753, 72),
    (3111, 1754, 16),
    (3112, 1754, 24),
    (3113, 1754, 41),
    (3114, 1756, 98),
    (3115, 1756, 41),
    (3116, 1758, 39),
    (3117, 1758, 57),
    (3118, 1758, 96),
    (3119, 1760, 36),
    (3120, 1760, 20),
    (3121, 1760, 100),
    (3122, 1761, 24),
    (3123, 1762, 79),
    (3124, 1762, 79),
    (3125, 1763, 79),
    (3126, 1763, 30),
    (3127, 1764, 88),
    (3128, 1765, 89),
    (3129, 1766, 65),
    (3130, 1767, 84),
    (3131, 1768, 50),
    (3132, 1769, 21),
    (3133, 1770, 53),
    (3134, 1771, 35),
    (3135, 1771, 53),
    (3136, 1771, 29),
    (3137, 1773, 26),
    (3138, 1773, 97),
    (3139, 1774, 57),
    (3140, 1775, 42),
    (3141, 1777, 55),
    (3142, 1777, 52),
    (3143, 1778, 95),
    (3144, 1779, 51),
    (3145, 1779, 79),
    (3146, 1780, 69),
    (3147, 1781, 91),
    (3148, 1781, 5),
    (3149, 1783, 59),
    (3150, 1784, 32),
    (3151, 1784, 67),
    (3152, 1785, 95),
    (3153, 1786, 67),
    (3154, 1789, 7),
    (3155, 1789, 25),
    (3156, 1792, 39),
    (3157, 1794, 60),
    (3158, 1794, 22),
    (3159, 1795, 7),
    (3160, 1796, 19),
    (3161, 1797, 58),
    (3162, 1797, 12),
    (3163, 1798, 24),
    (3164, 1799, 90),
    (3165, 1800, 53),
    (3166, 1801, 23),
    (3167, 1802, 92),
    (3168, 1803, 12),
    (3169, 1803, 33),
    (3170, 1804, 92),
    (3171, 1804, 21),
    (3172, 1805, 12),
    (3173, 1805, 15),
    (3174, 1806, 47),
    (3175, 1807, 50),
    (3176, 1808, 66),
    (3177, 1808, 79),
    (3178, 1809, 49),
    (3179, 1810, 43),
    (3180, 1810, 73),
    (3181, 1811, 21),
    (3182, 1811, 19),
    (3183, 1812, 7),
    (3184, 1812, 54),
    (3185, 1813, 99),
    (3186, 1814, 24),
    (3187, 1815, 26),
    (3188, 1815, 1),
    (3189, 1816, 2),
    (3190, 1816, 59),
    (3191, 1817, 70),
    (3192, 1817, 1),
    (3193, 1818, 31),
    (3194, 1818, 28),
    (3195, 1819, 59),
    (3196, 1819, 53),
    (3197, 1820, 77),
    (3198, 1821, 71),
    (3199, 1825, 72);
INSERT INTO LotSections (LotId, SectionId, Quantity) VALUES
    (3200, 1825, 27),
    (3201, 1826, 8),
    (3202, 1827, 19),
    (3203, 1828, 78),
    (3204, 1828, 39),
    (3205, 1829, 7),
    (3206, 1829, 14),
    (3207, 1829, 54),
    (3208, 1830, 37),
    (3209, 1831, 90),
    (3210, 1831, 77),
    (3211, 1832, 23),
    (3212, 1832, 59),
    (3213, 1835, 5),
    (3214, 1837, 42),
    (3215, 1837, 48),
    (3216, 1839, 98),
    (3217, 1839, 55),
    (3218, 1840, 61),
    (3219, 1841, 36),
    (3220, 1842, 68),
    (3221, 1846, 79),
    (3222, 1846, 8),
    (3223, 1847, 81),
    (3224, 1848, 62),
    (3225, 1848, 93),
    (3226, 1848, 89),
    (3227, 1849, 91),
    (3228, 1849, 37),
    (3229, 1849, 55),
    (3230, 1850, 34),
    (3231, 1850, 68),
    (3232, 1851, 46),
    (3233, 1851, 17),
    (3234, 1851, 79),
    (3235, 1852, 94),
    (3236, 1853, 24),
    (3237, 1854, 38),
    (3238, 1856, 4),
    (3239, 1857, 16),
    (3240, 1857, 95),
    (3241, 1858, 54),
    (3242, 1858, 53),
    (3243, 1859, 72),
    (3244, 1860, 82),
    (3245, 1861, 33),
    (3246, 1861, 9),
    (3247, 1862, 71),
    (3248, 1863, 15),
    (3249, 1863, 88),
    (3250, 1864, 93),
    (3251, 1865, 4),
    (3252, 1865, 23),
    (3253, 1866, 44),
    (3254, 1867, 61),
    (3255, 1868, 62),
    (3256, 1868, 20),
    (3257, 1871, 69),
    (3258, 1872, 53),
    (3259, 1873, 67),
    (3260, 1877, 87),
    (3261, 1878, 3),
    (3262, 1879, 43),
    (3263, 1880, 20),
    (3264, 1881, 44),
    (3265, 1881, 49),
    (3266, 1882, 22),
    (3267, 1883, 24),
    (3268, 1883, 77),
    (3269, 1884, 97),
    (3270, 1884, 40),
    (3271, 1885, 91),
    (3272, 1885, 5),
    (3273, 1886, 64),
    (3274, 1888, 39),
    (3275, 1889, 23),
    (3276, 1892, 5),
    (3277, 1893, 12),
    (3278, 1894, 62),
    (3279, 1896, 44),
    (3280, 1897, 68),
    (3281, 1897, 40),
    (3282, 1898, 99),
    (3283, 1899, 67),
    (3284, 1899, 87),
    (3285, 1900, 5),
    (3286, 1902, 67),
    (3287, 1906, 6),
    (3288, 1907, 12),
    (3289, 1907, 43),
    (3290, 1908, 14),
    (3291, 1908, 67),
    (3292, 1909, 40),
    (3293, 1909, 3),
    (3294, 1910, 82),
    (3295, 1910, 27),
    (3296, 1912, 37),
    (3297, 1913, 99),
    (3298, 1914, 35),
    (3299, 1914, 20),
    (3300, 1915, 2),
    (3301, 1916, 14),
    (3302, 1917, 71),
    (3303, 1918, 91),
    (3304, 1919, 22),
    (3305, 1920, 44),
    (3306, 1921, 17),
    (3307, 1924, 87),
    (3308, 1926, 7),
    (3309, 1927, 23),
    (3310, 1928, 76),
    (3311, 1929, 90),
    (3312, 1929, 58),
    (3313, 1930, 43),
    (3314, 1932, 86),
    (3315, 1932, 69),
    (3316, 1933, 97),
    (3317, 1933, 98),
    (3318, 1933, 60),
    (3319, 1934, 90),
    (3320, 1935, 40),
    (3321, 1938, 99),
    (3322, 1938, 60),
    (3323, 1939, 29),
    (3324, 1942, 79),
    (3325, 1942, 34),
    (3326, 1943, 90),
    (3327, 1944, 42),
    (3328, 1946, 9),
    (3329, 1948, 62),
    (3330, 1951, 37),
    (3331, 1951, 99),
    (3332, 1952, 17),
    (3333, 1952, 66),
    (3334, 1954, 92),
    (3335, 1955, 84),
    (3336, 1957, 69),
    (3337, 1957, 60),
    (3338, 1958, 31),
    (3339, 1959, 21),
    (3340, 1961, 44),
    (3341, 1963, 76),
    (3342, 1963, 56),
    (3343, 1964, 44),
    (3344, 1965, 23),
    (3345, 1965, 85),
    (3346, 1966, 92),
    (3347, 1967, 15),
    (3348, 1967, 76),
    (3349, 1968, 72),
    (3350, 1969, 23),
    (3351, 1969, 40),
    (3352, 1973, 14),
    (3353, 1974, 99),
    (3354, 1974, 49),
    (3355, 1975, 85),
    (3356, 1977, 18),
    (3357, 1978, 82),
    (3358, 1978, 1),
    (3359, 1978, 97),
    (3360, 1980, 58),
    (3361, 1980, 69),
    (3362, 1981, 74),
    (3363, 1982, 88),
    (3364, 1983, 87),
    (3365, 1984, 56),
    (3366, 1984, 92),
    (3367, 1984, 45),
    (3368, 1986, 79),
    (3369, 1987, 17),
    (3370, 1989, 71),
    (3371, 1990, 72),
    (3372, 1991, 37),
    (3373, 1992, 90),
    (3374, 1993, 41),
    (3375, 1994, 49),
    (3376, 1997, 85),
    (3377, 1999, 25),
    (3378, 2000, 47),
    (3379, 2001, 86),
    (3380, 2002, 10),
    (3381, 2003, 93),
    (3382, 2004, 18),
    (3383, 2004, 11),
    (3384, 2005, 54),
    (3385, 2005, 59),
    (3386, 2008, 55),
    (3387, 2008, 80),
    (3388, 2009, 55),
    (3389, 2010, 50),
    (3390, 2010, 46),
    (3391, 2011, 78),
    (3392, 2012, 94),
    (3393, 2014, 35),
    (3394, 2014, 53),
    (3395, 2015, 5),
    (3396, 2016, 91),
    (3397, 2017, 62),
    (3398, 2018, 94),
    (3399, 2019, 97);
INSERT INTO LotSections (LotId, SectionId, Quantity) VALUES
    (3400, 2020, 67),
    (3401, 2021, 79),
    (3402, 2025, 81),
    (3403, 2026, 86),
    (3404, 2026, 10),
    (3405, 2027, 75),
    (3406, 2027, 40),
    (3407, 2029, 44),
    (3408, 2030, 61),
    (3409, 2030, 59),
    (3410, 2031, 74),
    (3411, 2031, 94),
    (3412, 2031, 43),
    (3413, 2032, 38),
    (3414, 2033, 89),
    (3415, 2034, 94),
    (3416, 2034, 73),
    (3417, 2037, 61),
    (3418, 2038, 7),
    (3419, 2039, 95),
    (3420, 2039, 80),
    (3421, 2039, 4),
    (3422, 2040, 17),
    (3423, 2041, 36),
    (3424, 2042, 36),
    (3425, 2043, 2),
    (3426, 2043, 95),
    (3427, 2044, 76),
    (3428, 2044, 95),
    (3429, 2045, 48),
    (3430, 2045, 23),
    (3431, 2046, 31),
    (3432, 2046, 63);

SET NOCOUNT OFF;